Date, Min, Max,Weekly Average minimum Temperature,Weekly  Average Maximum Temperature
3/1/50,20,39,14.33,48.42
3/2/50,8,23,14.33,48.42
3/3/50,1,17,14.33,48.42
3/4/50,-3,27,14.33,48.42
3/5/50,12,45,14.33,48.42
3/6/50,13,40,14.33,48.42
3/7/50,10,40,14.33,48.42
3/8/50,26,56,16.81,50.62
3/9/50,13,55,16.81,50.62
3/10/50,12,29,16.81,50.62
3/11/50,13,30,16.81,50.62
3/12/50,25,49,16.81,50.62
3/13/50,23,31,16.81,50.62
3/14/50,19,35,16.81,50.62
3/15/50,14,42,17.43,51.71
3/16/50,19,36,17.43,51.71
3/17/50,18,37,17.43,51.71
3/18/50,22,35,17.43,51.71
3/19/50,18,44,17.43,51.71
3/20/50,24,52,17.43,51.71
3/21/50,29,40,17.43,51.71
3/22/50,20,46,19.9,61.52
3/23/50,35,45,19.9,61.52
3/24/50,34,44,19.9,61.52
3/25/50,33,47,19.9,61.52
3/26/50,26,53,19.9,61.52
3/27/50,34,41,19.9,61.52
3/28/50,39,63,19.9,61.52
3/29/50,41,71,19.9,61.52
3/30/50,27,45,19.9,61.52
3/31/50,19,44,19.9,61.52
4/1/50,21,56,24.76,64.28
4/2/50,35,57,24.76,64.28
4/3/50,34,59,24.76,64.28
4/4/50,49,77,24.76,64.28
4/5/50,42,63,24.76,64.28
4/6/50,27,43,24.76,64.28
4/7/50,23,45,24.76,64.28
4/8/50,28,50,27.57,65.71
4/9/50,23,45,27.57,65.71
4/10/50,27,50,27.57,65.71
4/11/50,22,45,27.57,65.71
4/12/50,36,53,27.57,65.71
4/13/50,29,46,27.57,65.71
4/14/50,35,50,27.57,65.71
4/15/50,32,49,29.95,71.24
4/16/50,32,62,29.95,71.24
4/17/50,32,67,29.95,71.24
4/18/50,44,74,29.95,71.24
4/19/50,35,63,29.95,71.24
4/20/50,45,60,29.95,71.24
4/21/50,42,59,29.95,71.24
4/22/50,35,53,32.71,74.24
4/23/50,32,51,32.71,74.24
4/24/50,34,60,32.71,74.24
4/25/50,27,60,32.71,74.24
4/26/50,35,46,32.71,74.24
4/27/50,33,65,32.71,74.24
4/28/50,43,60,32.71,74.24
4/29/50,35,45,32.71,74.24
4/30/50,30,64,32.71,74.24
5/1/50,41,47,34.38,75.14
5/2/50,38,70,34.38,75.14
5/3/50,40,64,34.38,75.14
5/4/50,48,70,34.38,75.14
5/5/50,47,55,34.38,75.14
5/6/50,49,83,34.38,75.14
5/7/50,43,75,34.38,75.14
5/8/50,34,57,38.14,79.62
5/9/50,37,72,38.14,79.62
5/10/50,47,63,38.14,79.62
5/11/50,52,66,38.14,79.62
5/12/50,45,73,38.14,79.62
5/13/50,42,79,38.14,79.62
5/14/50,40,65,38.14,79.62
5/15/50,40,62,38.29,81.48
5/16/50,45,59,38.29,81.48
5/17/50,47,67,38.29,81.48
5/18/50,46,57,38.29,81.48
5/19/50,44,49,38.29,81.48
5/20/50,37,65,38.29,81.48
5/21/50,37,77,38.29,81.48
5/22/50,33,73,38.09,83.42
5/23/50,41,75,38.09,83.42
5/24/50,51,72,38.09,83.42
5/25/50,54,72,38.09,83.42
5/26/50,52,76,38.09,83.42
5/27/50,43,74,38.09,83.42
5/28/50,41,69,38.09,83.42
5/29/50,53,68,38.09,83.42
5/30/50,58,66,38.09,83.42
5/31/50,60,76,38.09,83.42
6/1/50,56,70,45.28,85.85
6/2/50,50,80,45.28,85.85
6/3/50,61,83,45.28,85.85
6/4/50,51,71,45.28,85.85
6/5/50,47,77,45.28,85.85
6/6/50,47,87,45.28,85.85
6/7/50,56,91,45.28,85.85
6/8/50,63,92,46.09,86.33
6/9/50,65,92,46.09,86.33
6/10/50,65,89,46.09,86.33
6/11/50,54,75,46.09,86.33
6/12/50,42,77,46.09,86.33
6/13/50,52,80,46.09,86.33
6/14/50,50,77,46.09,86.33
6/15/50,59,83,47.04,87.38
6/16/50,53,82,47.04,87.38
6/17/50,50,76,47.04,87.38
6/18/50,45,74,47.04,87.38
6/19/50,42,65,47.04,87.38
6/20/50,53,80,47.04,87.38
6/21/50,60,81,47.04,87.38
6/22/50,47,78,49.24,90.85
6/23/50,56,91,49.24,90.85
6/24/50,65,89,49.24,90.85
6/25/50,58,86,49.24,90.85
6/26/50,60,84,49.24,90.85
6/27/50,61,75,49.24,90.85
6/28/50,53,77,49.24,90.85
6/29/50,55,84,49.24,90.85
6/30/50,63,83,49.24,90.85
3/1/51,20,25,14.33,48.42
3/2/51,21,40,14.33,48.42
3/3/51,20,34,14.33,48.42
3/4/51,29,37,14.33,48.42
3/5/51,26,48,14.33,48.42
3/6/51,21,52,14.33,48.42
3/7/51,32,63,14.33,48.42
3/8/51,32,46,16.81,50.62
3/9/51,21,34,16.81,50.62
3/10/51,20,34,16.81,50.62
3/11/51,25,43,16.81,50.62
3/12/51,32,54,16.81,50.62
3/13/51,33,40,16.81,50.62
3/14/51,34,43,16.81,50.62
3/15/51,37,43,17.43,51.71
3/16/51,34,50,17.43,51.71
3/17/51,32,46,17.43,51.71
3/18/51,32,44,17.43,51.71
3/19/51,33,42,17.43,51.71
3/20/51,30,50,17.43,51.71
3/21/51,28,49,17.43,51.71
3/22/51,28,39,19.9,61.52
3/23/51,21,46,19.9,61.52
3/24/51,38,53,19.9,61.52
3/25/51,30,46,19.9,61.52
3/26/51,24,36,19.9,61.52
3/27/51,16,49,19.9,61.52
3/28/51,33,67,19.9,61.52
3/29/51,35,50,19.9,61.52
3/30/51,41,51,19.9,61.52
3/31/51,40,51,19.9,61.52
4/1/51,35,62,24.76,64.28
4/2/51,40,46,24.76,64.28
4/3/51,37,56,24.76,64.28
4/4/51,34,52,24.76,64.28
4/5/51,29,53,24.76,64.28
4/6/51,35,62,24.76,64.28
4/7/51,44,64,24.76,64.28
4/8/51,43,60,27.57,65.71
4/9/51,38,56,27.57,65.71
4/10/51,40,65,27.57,65.71
4/11/51,41,53,27.57,65.71
4/12/51,38,61,27.57,65.71
4/13/51,41,62,27.57,65.71
4/14/51,40,56,27.57,65.71
4/15/51,41,62,29.95,71.24
4/16/51,38,57,29.95,71.24
4/17/51,35,52,29.95,71.24
4/18/51,32,55,29.95,71.24
4/19/51,40,63,29.95,71.24
4/20/51,36,58,29.95,71.24
4/21/51,28,57,29.95,71.24
4/22/51,32,60,32.71,74.24
4/23/51,43,61,32.71,74.24
4/24/51,34,64,32.71,74.24
4/25/51,46,59,32.71,74.24
4/26/51,44,70,32.71,74.24
4/27/51,33,62,32.71,74.24
4/28/51,41,69,32.71,74.24
4/29/51,49,75,32.71,74.24
4/30/51,46,69,32.71,74.24
5/1/51,33,75,34.38,75.14
5/2/51,38,77,34.38,75.14
5/3/51,33,57,34.38,75.14
5/4/51,41,60,34.38,75.14
5/5/51,33,68,34.38,75.14
5/6/51,36,63,34.38,75.14
5/7/51,47,68,34.38,75.14
5/8/51,43,73,38.14,79.62
5/9/51,47,83,38.14,79.62
5/10/51,45,66,38.14,79.62
5/11/51,35,50,38.14,79.62
5/12/51,44,67,38.14,79.62
5/13/51,38,63,38.14,79.62
5/14/51,31,75,38.14,79.62
5/15/51,48,89,38.29,81.48
5/16/51,57,90,38.29,81.48
5/17/51,46,67,38.29,81.48
5/18/51,38,61,38.29,81.48
5/19/51,35,69,38.29,81.48
5/20/51,50,73,38.29,81.48
5/21/51,62,82,38.29,81.48
5/22/51,63,87,38.09,83.42
5/23/51,54,82,38.09,83.42
5/24/51,42,54,38.09,83.42
5/25/51,47,55,38.09,83.42
5/26/51,42,78,38.09,83.42
5/27/51,52,67,38.09,83.42
5/28/51,55,70,38.09,83.42
5/29/51,52,67,38.09,83.42
5/30/51,51,67,38.09,83.42
5/31/51,53,80,38.09,83.42
6/1/51,53,90,45.28,85.85
6/2/51,59,81,45.28,85.85
6/3/51,59,70,45.28,85.85
6/4/51,58,82,45.28,85.85
6/5/51,49,67,45.28,85.85
6/6/51,46,73,45.28,85.85
6/7/51,43,70,45.28,85.85
6/8/51,38,75,46.09,86.33
6/9/51,44,75,46.09,86.33
6/10/51,50,65,46.09,86.33
6/11/51,50,66,46.09,86.33
6/12/51,50,74,46.09,86.33
6/13/51,44,75,46.09,86.33
6/14/51,50,55,46.09,86.33
6/15/51,50,55,47.04,87.38
6/16/51,55,70,47.04,87.38
6/17/51,56,79,47.04,87.38
6/18/51,56,80,47.04,87.38
6/19/51,55,88,47.04,87.38
6/20/51,63,87,47.04,87.38
6/21/51,63,82,47.04,87.38
6/22/51,57,79,49.24,90.85
6/23/51,60,74,49.24,90.85
6/24/51,63,87,49.24,90.85
6/25/51,63,84,49.24,90.85
6/26/51,52,78,49.24,90.85
6/27/51,60,80,49.24,90.85
6/28/51,58,72,49.24,90.85
6/29/51,57,71,49.24,90.85
6/30/51,60,78,49.24,90.85
3/1/52,13,31,14.33,48.42
3/2/52,8,36,14.33,48.42
3/3/52,12,37,14.33,48.42
3/4/52,17,37,14.33,48.42
3/5/52,31,35,14.33,48.42
3/6/52,31,38,14.33,48.42
3/7/52,32,35,14.33,48.42
3/8/52,29,36,16.81,50.62
3/9/52,29,41,16.81,50.62
3/10/52,30,41,16.81,50.62
3/11/52,34,48,16.81,50.62
3/12/52,34,48,16.81,50.62
3/13/52,26,45,16.81,50.62
3/14/52,25,40,16.81,50.62
3/15/52,20,36,17.43,51.71
3/16/52,20,29,17.43,51.71
3/17/52,21,44,17.43,51.71
3/18/52,28,50,17.43,51.71
3/19/52,28,38,17.43,51.71
3/20/52,31,47,17.43,51.71
3/21/52,32,53,17.43,51.71
3/22/52,33,57,19.9,61.52
3/23/52,34,41,19.9,61.52
3/24/52,33,37,19.9,61.52
3/25/52,29,50,19.9,61.52
3/26/52,29,62,19.9,61.52
3/27/52,35,56,19.9,61.52
3/28/52,28,47,19.9,61.52
3/29/52,28,47,19.9,61.52
3/30/52,25,50,19.9,61.52
3/31/52,30,53,19.9,61.52
4/1/52,37,57,24.76,64.28
4/2/52,37,41,24.76,64.28
4/3/52,34,57,24.76,64.28
4/4/52,33,64,24.76,64.28
4/5/52,43,55,24.76,64.28
4/6/52,43,55,24.76,64.28
4/7/52,33,52,24.76,64.28
4/8/52,39,51,27.57,65.71
4/9/52,35,51,27.57,65.71
4/10/52,31,64,27.57,65.71
4/11/52,34,53,27.57,65.71
4/12/52,27,55,27.57,65.71
4/13/52,38,53,27.57,65.71
4/14/52,41,50,27.57,65.71
4/15/52,40,52,29.95,71.24
4/16/52,32,65,29.95,71.24
4/17/52,29,66,29.95,71.24
4/18/52,42,72,29.95,71.24
4/19/52,35,78,29.95,71.24
4/20/52,49,77,29.95,71.24
4/21/52,35,68,29.95,71.24
4/22/52,34,78,32.71,74.24
4/23/52,51,76,32.71,74.24
4/24/52,43,67,32.71,74.24
4/25/52,40,53,32.71,74.24
4/26/52,41,52,32.71,74.24
4/27/52,41,60,32.71,74.24
4/28/52,45,48,32.71,74.24
4/29/52,44,56,32.71,74.24
4/30/52,40,63,32.71,74.24
5/1/52,34,60,34.38,75.14
5/2/52,35,60,34.38,75.14
5/3/52,33,59,34.38,75.14
5/4/52,41,63,34.38,75.14
5/5/52,35,64,34.38,75.14
5/6/52,39,61,34.38,75.14
5/7/52,44,57,34.38,75.14
5/8/52,43,71,38.14,79.62
5/9/52,48,75,38.14,79.62
5/10/52,42,78,38.14,79.62
5/11/52,45,52,38.14,79.62
5/12/52,47,67,38.14,79.62
5/13/52,47,65,38.14,79.62
5/14/52,42,66,38.14,79.62
5/15/52,39,53,38.29,81.48
5/16/52,43,67,38.29,81.48
5/17/52,34,63,38.29,81.48
5/18/52,44,62,38.29,81.48
5/19/52,40,75,38.29,81.48
5/20/52,49,59,38.29,81.48
5/21/52,49,69,38.29,81.48
5/22/52,53,64,38.09,83.42
5/23/52,46,75,38.09,83.42
5/24/52,46,81,38.09,83.42
5/25/52,50,58,38.09,83.42
5/26/52,53,66,38.09,83.42
5/27/52,54,74,38.09,83.42
5/28/52,42,82,38.09,83.42
5/29/52,56,81,38.09,83.42
5/30/52,55,72,38.09,83.42
5/31/52,56,71,38.09,83.42
6/1/52,55,73,45.28,85.85
6/2/52,55,80,45.28,85.85
6/3/52,50,83,45.28,85.85
6/4/52,55,86,45.28,85.85
6/5/52,61,77,45.28,85.85
6/6/52,62,83,45.28,85.85
6/7/52,60,74,45.28,85.85
6/8/52,58,82,46.09,86.33
6/9/52,63,83,46.09,86.33
6/10/52,55,81,46.09,86.33
6/11/52,54,68,46.09,86.33
6/12/52,54,73,46.09,86.33
6/13/52,50,82,46.09,86.33
6/14/52,50,85,46.09,86.33
6/15/52,63,88,47.04,87.38
6/16/52,62,82,47.04,87.38
6/17/52,60,85,47.04,87.38
6/18/52,63,84,47.04,87.38
6/19/52,55,81,47.04,87.38
6/20/52,51,75,47.04,87.38
6/21/52,50,77,47.04,87.38
6/22/52,53,69,49.24,90.85
6/23/52,44,79,49.24,90.85
6/24/52,61,87,49.24,90.85
6/25/52,67,87,49.24,90.85
6/26/52,70,99,49.24,90.85
6/27/52,66,82,49.24,90.85
6/28/52,61,82,49.24,90.85
6/29/52,58,71,49.24,90.85
6/30/52,50,76,49.24,90.85
3/1/53,16,31,14.33,48.42
3/2/53,11,35,14.33,48.42
3/3/53,12,37,14.33,48.42
3/4/53,34,56,14.33,48.42
3/5/53,28,41,14.33,48.42
3/6/53,27,42,14.33,48.42
3/7/53,19,34,14.33,48.42
3/8/53,11,26,16.81,50.62
3/9/53,11,35,16.81,50.62
3/10/53,11,25,16.81,50.62
3/11/53,5,37,16.81,50.62
3/12/53,26,51,16.81,50.62
3/13/53,39,50,16.81,50.62
3/14/53,32,57,16.81,50.62
3/15/53,31,42,17.43,51.71
3/16/53,39,51,17.43,51.71
3/17/53,36,45,17.43,51.71
3/18/53,29,54,17.43,51.71
3/19/53,33,44,17.43,51.71
3/20/53,33,43,17.43,51.71
3/21/53,33,54,17.43,51.71
3/22/53,29,61,19.9,61.52
3/23/53,35,69,19.9,61.52
3/24/53,46,64,19.9,61.52
3/25/53,45,55,19.9,61.52
3/26/53,45,63,19.9,61.52
3/27/53,42,48,19.9,61.52
3/28/53,42,50,19.9,61.52
3/29/53,34,45,19.9,61.52
3/30/53,43,48,19.9,61.52
3/31/53,45,54,19.9,61.52
4/1/53,45,56,24.76,64.28
4/2/53,45,50,24.76,64.28
4/3/53,37,63,24.76,64.28
4/4/53,32,67,24.76,64.28
4/5/53,40,58,24.76,64.28
4/6/53,34,57,24.76,64.28
4/7/53,42,48,24.76,64.28
4/8/53,42,60,27.57,65.71
4/9/53,38,65,27.57,65.71
4/10/53,44,56,27.57,65.71
4/11/53,42,60,27.57,65.71
4/12/53,39,54,27.57,65.71
4/13/53,32,46,27.57,65.71
4/14/53,32,38,27.57,65.71
4/15/53,32,56,29.95,71.24
4/16/53,30,50,29.95,71.24
4/17/53,39,59,29.95,71.24
4/18/53,37,45,29.95,71.24
4/19/53,36,44,29.95,71.24
4/20/53,33,46,29.95,71.24
4/21/53,36,50,29.95,71.24
4/22/53,35,66,32.71,74.24
4/23/53,50,72,32.71,74.24
4/24/53,43,69,32.71,74.24
4/25/53,48,58,32.71,74.24
4/26/53,45,53,32.71,74.24
4/27/53,45,61,32.71,74.24
4/28/53,40,54,32.71,74.24
4/29/53,38,60,32.71,74.24
4/30/53,44,67,32.71,74.24
5/1/53,38,50,34.38,75.14
5/2/53,37,43,34.38,75.14
5/3/53,37,58,34.38,75.14
5/4/53,35,75,34.38,75.14
5/5/53,55,62,34.38,75.14
5/6/53,46,78,34.38,75.14
5/7/53,54,71,34.38,75.14
5/8/53,54,71,38.14,79.62
5/9/53,53,79,38.14,79.62
5/10/53,52,86,38.14,79.62
5/11/53,52,89,38.14,79.62
5/12/53,48,85,38.14,79.62
5/13/53,54,76,38.14,79.62
5/14/53,50,61,38.14,79.62
5/15/53,49,55,38.29,81.48
5/16/53,47,73,38.29,81.48
5/17/53,50,58,38.29,81.48
5/18/53,50,81,38.29,81.48
5/19/53,55,79,38.29,81.48
5/20/53,53,77,38.29,81.48
5/21/53,49,72,38.29,81.48
5/22/53,47,72,38.09,83.42
5/23/53,53,70,38.09,83.42
5/24/53,43,75,38.09,83.42
5/25/53,45,75,38.09,83.42
5/26/53,41,69,38.09,83.42
5/27/53,47,69,38.09,83.42
5/28/53,50,65,38.09,83.42
5/29/53,47,67,38.09,83.42
5/30/53,40,62,38.09,83.42
5/31/53,36,69,38.09,83.42
6/1/53,45,76,45.28,85.85
6/2/53,47,76,45.28,85.85
6/3/53,44,72,45.28,85.85
6/4/53,46,73,45.28,85.85
6/5/53,59,80,45.28,85.85
6/6/53,70,92,45.28,85.85
6/7/53,59,79,45.28,85.85
6/8/53,53,78,46.09,86.33
6/9/53,54,84,46.09,86.33
6/10/53,52,78,46.09,86.33
6/11/53,47,71,46.09,86.33
6/12/53,46,73,46.09,86.33
6/13/53,45,69,46.09,86.33
6/14/53,45,68,46.09,86.33
6/15/53,42,80,47.04,87.38
6/16/53,50,81,47.04,87.38
6/17/53,53,78,47.04,87.38
6/18/53,59,81,47.04,87.38
6/19/53,61,87,47.04,87.38
6/20/53,67,95,47.04,87.38
6/21/53,61,88,47.04,87.38
6/22/53,59,89,49.24,90.85
6/23/53,63,85,49.24,90.85
6/24/53,52,80,49.24,90.85
6/25/53,48,84,49.24,90.85
6/26/53,64,95,49.24,90.85
6/27/53,65,90,49.24,90.85
6/28/53,57,90,49.24,90.85
6/29/53,63,89,49.24,90.85
6/30/53,57,91,49.24,90.85
3/1/54,38,47,14.33,48.42
3/2/54,32,53,14.33,48.42
3/3/54,26,52,14.33,48.42
3/4/54,20,41,14.33,48.42
3/5/54,19,33,14.33,48.42
3/6/54,22,32,14.33,48.42
3/7/54,24,49,14.33,48.42
3/8/54,31,45,16.81,50.62
3/9/54,26,47,16.81,50.62
3/10/54,29,51,16.81,50.62
3/11/54,23,41,16.81,50.62
3/12/54,16,42,16.81,50.62
3/13/54,26,33,16.81,50.62
3/14/54,30,33,16.81,50.62
3/15/54,24,35,17.43,51.71
3/16/54,21,40,17.43,51.71
3/17/54,25,45,17.43,51.71
3/18/54,26,43,17.43,51.71
3/19/54,27,55,17.43,51.71
3/20/54,39,65,17.43,51.71
3/21/54,26,43,17.43,51.71
3/22/54,23,45,19.9,61.52
3/23/54,31,53,19.9,61.52
3/24/54,28,55,19.9,61.52
3/25/54,34,42,19.9,61.52
3/26/54,40,64,19.9,61.52
3/27/54,28,47,19.9,61.52
3/28/54,21,52,19.9,61.52
3/29/54,36,67,19.9,61.52
3/30/54,26,36,19.9,61.52
3/31/54,27,39,19.9,61.52
4/1/54,29,43,24.76,64.28
4/2/54,26,52,24.76,64.28
4/3/54,16,45,24.76,64.28
4/4/54,15,36,24.76,64.28
4/5/54,21,44,24.76,64.28
4/6/54,37,57,24.76,64.28
4/7/54,46,65,24.76,64.28
4/8/54,42,67,27.57,65.71
4/9/54,32,51,27.57,65.71
4/10/54,32,56,27.57,65.71
4/11/54,43,64,27.57,65.71
4/12/54,35,58,27.57,65.71
4/13/54,34,64,27.57,65.71
4/14/54,40,58,27.57,65.71
4/15/54,39,57,29.95,71.24
4/16/54,39,42,29.95,71.24
4/17/54,42,61,29.95,71.24
4/18/54,38,70,29.95,71.24
4/19/54,44,70,29.95,71.24
4/20/54,37,86,29.95,71.24
4/21/54,50,85,29.95,71.24
4/22/54,45,83,32.71,74.24
4/23/54,53,63,32.71,74.24
4/24/54,39,57,32.71,74.24
4/25/54,39,68,32.71,74.24
4/26/54,45,62,32.71,74.24
4/27/54,39,50,32.71,74.24
4/28/54,38,46,32.71,74.24
4/29/54,33,74,32.71,74.24
4/30/54,41,76,32.71,74.24
5/1/54,45,82,34.38,75.14
5/2/54,46,58,34.38,75.14
5/3/54,42,51,34.38,75.14
5/4/54,43,47,34.38,75.14
5/5/54,43,46,34.38,75.14
5/6/54,43,49,34.38,75.14
5/7/54,44,63,34.38,75.14
5/8/54,39,49,38.14,79.62
5/9/54,45,63,38.14,79.62
5/10/54,44,55,38.14,79.62
5/11/54,43,60,38.14,79.62
5/12/54,44,60,38.14,79.62
5/13/54,43,64,38.14,79.62
5/14/54,38,70,38.14,79.62
5/15/54,37,69,38.29,81.48
5/16/54,45,67,38.29,81.48
5/17/54,53,75,38.29,81.48
5/18/54,46,74,38.29,81.48
5/19/54,51,70,38.29,81.48
5/20/54,50,63,38.29,81.48
5/21/54,48,51,38.29,81.48
5/22/54,48,64,38.09,83.42
5/23/54,47,61,38.09,83.42
5/24/54,47,68,38.09,83.42
5/25/54,46,74,38.09,83.42
5/26/54,49,75,38.09,83.42
5/27/54,41,73,38.09,83.42
5/28/54,54,76,38.09,83.42
5/29/54,56,85,38.09,83.42
5/30/54,56,79,38.09,83.42
5/31/54,51,83,38.09,83.42
6/1/54,60,89,45.28,85.85
6/2/54,59,75,45.28,85.85
6/3/54,58,76,45.28,85.85
6/4/54,55,69,45.28,85.85
6/5/54,52,74,45.28,85.85
6/6/54,49,65,45.28,85.85
6/7/54,57,71,45.28,85.85
6/8/54,54,70,46.09,86.33
6/9/54,52,71,46.09,86.33
6/10/54,51,74,46.09,86.33
6/11/54,56,85,46.09,86.33
6/12/54,54,83,46.09,86.33
6/13/54,57,81,46.09,86.33
6/14/54,56,67,46.09,86.33
6/15/54,54,59,47.04,87.38
6/16/54,47,69,47.04,87.38
6/17/54,43,70,47.04,87.38
6/18/54,43,79,47.04,87.38
6/19/54,55,82,47.04,87.38
6/20/54,52,90,47.04,87.38
6/21/54,65,92,47.04,87.38
6/22/54,69,93,49.24,90.85
6/23/54,63,76,49.24,90.85
6/24/54,58,83,49.24,90.85
6/25/54,60,87,49.24,90.85
6/26/54,66,82,49.24,90.85
6/27/54,59,82,49.24,90.85
6/28/54,55,72,49.24,90.85
6/29/54,57,66,49.24,90.85
6/30/54,58,69,49.24,90.85
3/1/55,37,45,14.33,48.42
3/2/55,35,49,14.33,48.42
3/3/55,26,39,14.33,48.42
3/4/55,16,32,14.33,48.42
3/5/55,16,30,14.33,48.42
3/6/55,29,36,14.33,48.42
3/7/55,18,32,14.33,48.42
3/8/55,14,30,16.81,50.62
3/9/55,19,44,16.81,50.62
3/10/55,28,55,16.81,50.62
3/11/55,36,62,16.81,50.62
3/12/55,33,52,16.81,50.62
3/13/55,34,50,16.81,50.62
3/14/55,28,46,16.81,50.62
3/15/55,28,49,17.43,51.71
3/16/55,38,51,17.43,51.71
3/17/55,26,37,17.43,51.71
3/18/55,24,32,17.43,51.71
3/19/55,22,38,17.43,51.71
3/20/55,18,48,17.43,51.71
3/21/55,30,40,17.43,51.71
3/22/55,31,39,19.9,61.52
3/23/55,34,40,19.9,61.52
3/24/55,30,56,19.9,61.52
3/25/55,30,46,19.9,61.52
3/26/55,32,38,19.9,61.52
3/27/55,23,35,19.9,61.52
3/28/55,23,36,19.9,61.52
3/29/55,21,47,19.9,61.52
3/30/55,29,59,19.9,61.52
3/31/55,31,62,19.9,61.52
4/1/55,42,62,24.76,64.28
4/2/55,36,68,24.76,64.28
4/3/55,35,47,24.76,64.28
4/4/55,36,58,24.76,64.28
4/5/55,33,68,24.76,64.28
4/6/55,39,52,24.76,64.28
4/7/55,37,55,24.76,64.28
4/8/55,31,47,27.57,65.71
4/9/55,27,59,27.57,65.71
4/10/55,45,75,27.57,65.71
4/11/55,45,75,27.57,65.71
4/12/55,35,52,27.57,65.71
4/13/55,41,51,27.57,65.71
4/14/55,44,72,27.57,65.71
4/15/55,55,73,29.95,71.24
4/16/55,36,59,29.95,71.24
4/17/55,32,51,29.95,71.24
4/18/55,35,70,29.95,71.24
4/19/55,40,55,29.95,71.24
4/20/55,40,65,29.95,71.24
4/21/55,43,55,29.95,71.24
4/22/55,45,51,32.71,74.24
4/23/55,45,65,32.71,74.24
4/24/55,42,51,32.71,74.24
4/25/55,41,43,32.71,74.24
4/26/55,40,42,32.71,74.24
4/27/55,40,46,32.71,74.24
4/28/55,40,49,32.71,74.24
4/29/55,44,48,32.71,74.24
4/30/55,36,65,32.71,74.24
5/1/55,42,76,34.38,75.14
5/2/55,45,73,34.38,75.14
5/3/55,50,78,34.38,75.14
5/4/55,51,85,34.38,75.14
5/5/55,43,69,34.38,75.14
5/6/55,42,64,34.38,75.14
5/7/55,41,70,34.38,75.14
5/8/55,50,64,38.14,79.62
5/9/55,41,60,38.14,79.62
5/10/55,35,68,38.14,79.62
5/11/55,45,69,38.14,79.62
5/12/55,41,73,38.14,79.62
5/13/55,45,76,38.14,79.62
5/14/55,47,70,38.14,79.62
5/15/55,40,70,38.29,81.48
5/16/55,47,80,38.29,81.48
5/17/55,41,58,38.29,81.48
5/18/55,38,74,38.29,81.48
5/19/55,46,76,38.29,81.48
5/20/55,39,76,38.29,81.48
5/21/55,47,81,38.29,81.48
5/22/55,54,87,38.09,83.42
5/23/55,65,83,38.09,83.42
5/24/55,65,87,38.09,83.42
5/25/55,66,90,38.09,83.42
5/26/55,58,74,38.09,83.42
5/27/55,55,69,38.09,83.42
5/28/55,49,78,38.09,83.42
5/29/55,60,90,38.09,83.42
5/30/55,63,77,38.09,83.42
5/31/55,59,77,38.09,83.42
6/1/55,53,73,45.28,85.85
6/2/55,50,62,45.28,85.85
6/3/55,48,67,45.28,85.85
6/4/55,44,64,45.28,85.85
6/5/55,53,64,45.28,85.85
6/6/55,54,80,45.28,85.85
6/7/55,51,61,45.28,85.85
6/8/55,45,55,46.09,86.33
6/9/55,47,61,46.09,86.33
6/10/55,45,79,46.09,86.33
6/11/55,53,75,46.09,86.33
6/12/55,53,66,46.09,86.33
6/13/55,57,77,46.09,86.33
6/14/55,58,70,46.09,86.33
6/15/55,57,82,47.04,87.38
6/16/55,58,86,47.04,87.38
6/17/55,56,83,47.04,87.38
6/18/55,57,92,47.04,87.38
6/19/55,65,90,47.04,87.38
6/20/55,65,85,47.04,87.38
6/21/55,61,74,47.04,87.38
6/22/55,60,84,49.24,90.85
6/23/55,64,89,49.24,90.85
6/24/55,60,74,49.24,90.85
6/25/55,56,77,49.24,90.85
6/26/55,59,78,49.24,90.85
6/27/55,55,80,49.24,90.85
6/28/55,56,83,49.24,90.85
6/29/55,58,90,49.24,90.85
6/30/55,65,92,49.24,90.85
3/1/56,10,38,14.33,48.42
3/2/56,32,46,14.33,48.42
3/3/56,38,50,14.33,48.42
3/4/56,32,43,14.33,48.42
3/5/56,29,43,14.33,48.42
3/6/56,32,36,14.33,48.42
3/7/56,31,36,14.33,48.42
3/8/56,25,36,16.81,50.62
3/9/56,25,34,16.81,50.62
3/10/56,25,43,16.81,50.62
3/11/56,31,49,16.81,50.62
3/12/56,34,42,16.81,50.62
3/13/56,30,38,16.81,50.62
3/14/56,32,34,16.81,50.62
3/15/56,23,40,17.43,51.71
3/16/56,15,29,17.43,51.71
3/17/56,13,28,17.43,51.71
3/18/56,0,34,17.43,51.71
3/19/56,17,25,17.43,51.71
3/20/56,13,40,17.43,51.71
3/21/56,8,48,17.43,51.71
3/22/56,10,52,19.9,61.52
3/23/56,31,44,19.9,61.52
3/24/56,18,35,19.9,61.52
3/25/56,11,30,19.9,61.52
3/26/56,21,40,19.9,61.52
3/27/56,18,42,19.9,61.52
3/28/56,19,44,19.9,61.52
3/29/56,15,44,19.9,61.52
3/30/56,30,38,19.9,61.52
3/31/56,27,44,19.9,61.52
4/1/56,28,49,24.76,64.28
4/2/56,25,52,24.76,64.28
4/3/56,35,42,24.76,64.28
4/4/56,37,47,24.76,64.28
4/5/56,34,58,24.76,64.28
4/6/56,32,65,24.76,64.28
4/7/56,37,43,24.76,64.28
4/8/56,32,40,27.57,65.71
4/9/56,31,44,27.57,65.71
4/10/56,28,51,27.57,65.71
4/11/56,28,54,27.57,65.71
4/12/56,28,53,27.57,65.71
4/13/56,26,59,27.57,65.71
4/14/56,31,55,27.57,65.71
4/15/56,34,54,29.95,71.24
4/16/56,42,61,29.95,71.24
4/17/56,36,54,29.95,71.24
4/18/56,33,54,29.95,71.24
4/19/56,33,52,29.95,71.24
4/20/56,31,51,29.95,71.24
4/21/56,32,51,29.95,71.24
4/22/56,41,56,32.71,74.24
4/23/56,34,42,32.71,74.24
4/24/56,34,48,32.71,74.24
4/25/56,29,57,32.71,74.24
4/26/56,39,44,32.71,74.24
4/27/56,32,60,32.71,74.24
4/28/56,45,81,32.71,74.24
4/29/56,42,59,32.71,74.24
4/30/56,41,64,32.71,74.24
5/1/56,35,60,34.38,75.14
5/2/56,33,62,34.38,75.14
5/3/56,43,67,34.38,75.14
5/4/56,41,67,34.38,75.14
5/5/56,37,64,34.38,75.14
5/6/56,43,55,34.38,75.14
5/7/56,43,51,34.38,75.14
5/8/56,33,55,38.14,79.62
5/9/56,29,65,38.14,79.62
5/10/56,43,63,38.14,79.62
5/11/56,35,63,38.14,79.62
5/12/56,48,81,38.14,79.62
5/13/56,55,82,38.14,79.62
5/14/56,45,55,38.14,79.62
5/15/56,47,74,38.29,81.48
5/16/56,40,67,38.29,81.48
5/17/56,39,60,38.29,81.48
5/18/56,42,52,38.29,81.48
5/19/56,39,70,38.29,81.48
5/20/56,48,69,38.29,81.48
5/21/56,46,71,38.29,81.48
5/22/56,51,83,38.09,83.42
5/23/56,43,72,38.09,83.42
5/24/56,35,56,38.09,83.42
5/25/56,30,62,38.09,83.42
5/26/56,37,68,38.09,83.42
5/27/56,49,60,38.09,83.42
5/28/56,45,64,38.09,83.42
5/29/56,39,75,38.09,83.42
5/30/56,53,67,38.09,83.42
5/31/56,61,92,38.09,83.42
6/1/56,63,87,45.28,85.85
6/2/56,61,77,45.28,85.85
6/3/56,58,75,45.28,85.85
6/4/56,60,79,45.28,85.85
6/5/56,56,77,45.28,85.85
6/6/56,56,78,45.28,85.85
6/7/56,52,86,45.28,85.85
6/8/56,48,70,46.09,86.33
6/9/56,47,52,46.09,86.33
6/10/56,46,70,46.09,86.33
6/11/56,50,75,46.09,86.33
6/12/56,48,90,46.09,86.33
6/13/56,69,97,46.09,86.33
6/14/56,64,97,46.09,86.33
6/15/56,70,97,47.04,87.38
6/16/56,68,89,47.04,87.38
6/17/56,62,83,47.04,87.38
6/18/56,48,69,47.04,87.38
6/19/56,44,71,47.04,87.38
6/20/56,50,73,47.04,87.38
6/21/56,58,68,47.04,87.38
6/22/56,67,92,49.24,90.85
6/23/56,59,83,49.24,90.85
6/24/56,60,79,49.24,90.85
6/25/56,59,86,49.24,90.85
6/26/56,54,83,49.24,90.85
6/27/56,59,82,49.24,90.85
6/28/56,60,86,49.24,90.85
6/29/56,53,73,49.24,90.85
6/30/56,51,82,49.24,90.85
3/1/57,25,32,14.33,48.42
3/2/57,28,43,14.33,48.42
3/3/57,24,36,14.33,48.42
3/4/57,19,32,14.33,48.42
3/5/57,17,38,14.33,48.42
3/6/57,21,46,14.33,48.42
3/7/57,24,40,14.33,48.42
3/8/57,33,38,16.81,50.62
3/9/57,35,41,16.81,50.62
3/10/57,27,38,16.81,50.62
3/11/57,23,47,16.81,50.62
3/12/57,30,48,16.81,50.62
3/13/57,27,61,16.81,50.62
3/14/57,34,54,16.81,50.62
3/15/57,38,48,17.43,51.71
3/16/57,35,48,17.43,51.71
3/17/57,30,48,17.43,51.71
3/18/57,30,48,17.43,51.71
3/19/57,29,41,17.43,51.71
3/20/57,31,36,17.43,51.71
3/21/57,32,52,17.43,51.71
3/22/57,32,54,19.9,61.52
3/23/57,28,56,19.9,61.52
3/24/57,30,51,19.9,61.52
3/25/57,29,49,19.9,61.52
3/26/57,35,49,19.9,61.52
3/27/57,36,50,19.9,61.52
3/28/57,34,52,19.9,61.52
3/29/57,34,47,19.9,61.52
3/30/57,31,40,19.9,61.52
3/31/57,26,50,19.9,61.52
4/1/57,22,58,24.76,64.28
4/2/57,38,55,24.76,64.28
4/3/57,30,46,24.76,64.28
4/4/57,30,47,24.76,64.28
4/5/57,33,39,24.76,64.28
4/6/57,36,51,24.76,64.28
4/7/57,40,47,24.76,64.28
4/8/57,33,42,27.57,65.71
4/9/57,31,39,27.57,65.71
4/10/57,31,49,27.57,65.71
4/11/57,33,53,27.57,65.71
4/12/57,35,72,27.57,65.71
4/13/57,33,48,27.57,65.71
4/14/57,32,44,27.57,65.71
4/15/57,26,50,29.95,71.24
4/16/57,25,61,29.95,71.24
4/17/57,47,61,29.95,71.24
4/18/57,35,65,29.95,71.24
4/19/57,45,67,29.95,71.24
4/20/57,43,72,29.95,71.24
4/21/57,56,85,29.95,71.24
4/22/57,40,63,32.71,74.24
4/23/57,44,81,32.71,74.24
4/24/57,46,70,32.71,74.24
4/25/57,42,54,32.71,74.24
4/26/57,43,66,32.71,74.24
4/27/57,45,73,32.71,74.24
4/28/57,44,81,32.71,74.24
4/29/57,57,73,32.71,74.24
4/30/57,45,63,32.71,74.24
5/1/57,44,75,34.38,75.14
5/2/57,37,56,34.38,75.14
5/3/57,35,48,34.38,75.14
5/4/57,41,68,34.38,75.14
5/5/57,43,65,34.38,75.14
5/6/57,37,70,34.38,75.14
5/7/57,41,80,34.38,75.14
5/8/57,58,83,38.14,79.62
5/9/57,60,88,38.14,79.62
5/10/57,53,86,38.14,79.62
5/11/57,48,53,38.14,79.62
5/12/57,48,54,38.14,79.62
5/13/57,52,75,38.14,79.62
5/14/57,48,65,38.14,79.62
5/15/57,52,80,38.29,81.48
5/16/57,41,61,38.29,81.48
5/17/57,36,65,38.29,81.48
5/18/57,46,63,38.29,81.48
5/19/57,40,56,38.29,81.48
5/20/57,43,49,38.29,81.48
5/21/57,42,65,38.29,81.48
5/22/57,47,70,38.09,83.42
5/23/57,54,79,38.09,83.42
5/24/57,58,75,38.09,83.42
5/25/57,48,77,38.09,83.42
5/26/57,58,67,38.09,83.42
5/27/57,58,74,38.09,83.42
5/28/57,50,66,38.09,83.42
5/29/57,44,74,38.09,83.42
5/30/57,43,78,38.09,83.42
5/31/57,49,79,38.09,83.42
6/1/57,53,79,45.28,85.85
6/2/57,54,75,45.28,85.85
6/3/57,48,69,45.28,85.85
6/4/57,45,77,45.28,85.85
6/5/57,50,74,45.28,85.85
6/6/57,52,70,45.28,85.85
6/7/57,50,78,45.28,85.85
6/8/57,44,72,46.09,86.33
6/9/57,42,75,46.09,86.33
6/10/57,46,80,46.09,86.33
6/11/57,56,87,46.09,86.33
6/12/57,59,84,46.09,86.33
6/13/57,59,71,46.09,86.33
6/14/57,59,90,46.09,86.33
6/15/57,70,92,47.04,87.38
6/16/57,72,94,47.04,87.38
6/17/57,71,92,47.04,87.38
6/18/57,61,85,47.04,87.38
6/19/57,66,93,47.04,87.38
6/20/57,58,78,47.04,87.38
6/21/57,51,83,47.04,87.38
6/22/57,59,87,49.24,90.85
6/23/57,59,86,49.24,90.85
6/24/57,70,94,49.24,90.85
6/25/57,58,74,49.24,90.85
6/26/57,57,72,49.24,90.85
6/27/57,61,81,49.24,90.85
6/28/57,68,87,49.24,90.85
6/29/57,67,82,49.24,90.85
6/30/57,64,81,49.24,90.85
3/1/58,30,37,14.33,48.42
3/2/58,33,44,14.33,48.42
3/3/58,32,48,14.33,48.42
3/4/58,35,40,14.33,48.42
3/5/58,35,45,14.33,48.42
3/6/58,32,48,14.33,48.42
3/7/58,32,38,14.33,48.42
3/8/58,27,39,16.81,50.62
3/9/58,26,45,16.81,50.62
3/10/58,32,50,16.81,50.62
3/11/58,31,55,16.81,50.62
3/12/58,34,47,16.81,50.62
3/13/58,32,50,16.81,50.62
3/14/58,33,39,16.81,50.62
3/15/58,31,34,17.43,51.71
3/16/58,31,39,17.43,51.71
3/17/58,31,39,17.43,51.71
3/18/58,27,45,17.43,51.71
3/19/58,25,43,17.43,51.71
3/20/58,31,43,17.43,51.71
3/21/58,32,35,17.43,51.71
3/22/58,33,38,19.9,61.52
3/23/58,35,44,19.9,61.52
3/24/58,33,47,19.9,61.52
3/25/58,34,44,19.9,61.52
3/26/58,36,46,19.9,61.52
3/27/58,37,42,19.9,61.52
3/28/58,28,45,19.9,61.52
3/29/58,25,51,19.9,61.52
3/30/58,27,55,19.9,61.52
3/31/58,37,41,19.9,61.52
4/1/58,34,39,24.76,64.28
4/2/58,34,40,24.76,64.28
4/3/58,34,48,24.76,64.28
4/4/58,30,52,24.76,64.28
4/5/58,29,63,24.76,64.28
4/6/58,33,49,24.76,64.28
4/7/58,37,44,24.76,64.28
4/8/58,31,45,27.57,65.71
4/9/58,28,48,27.57,65.71
4/10/58,28,57,27.57,65.71
4/11/58,33,40,27.57,65.71
4/12/58,33,42,27.57,65.71
4/13/58,36,60,27.57,65.71
4/14/58,36,60,27.57,65.71
4/15/58,35,64,29.95,71.24
4/16/58,37,69,29.95,71.24
4/17/58,39,72,29.95,71.24
4/18/58,39,65,29.95,71.24
4/19/58,42,75,29.95,71.24
4/20/58,47,69,29.95,71.24
4/21/58,48,79,29.95,71.24
4/22/58,57,62,32.71,74.24
4/23/58,54,66,32.71,74.24
4/24/58,55,72,32.71,74.24
4/25/58,45,69,32.71,74.24
4/26/58,38,56,32.71,74.24
4/27/58,32,51,32.71,74.24
4/28/58,39,48,32.71,74.24
4/29/58,40,63,32.71,74.24
4/30/58,44,58,32.71,74.24
5/1/58,40,67,34.38,75.14
5/2/58,37,66,34.38,75.14
5/3/58,32,55,34.38,75.14
5/4/58,43,58,34.38,75.14
5/5/58,44,53,34.38,75.14
5/6/58,43,56,34.38,75.14
5/7/58,42,44,34.38,75.14
5/8/58,43,49,38.14,79.62
5/9/58,44,69,38.14,79.62
5/10/58,36,62,38.14,79.62
5/11/58,50,73,38.14,79.62
5/12/58,44,67,38.14,79.62
5/13/58,44,60,38.14,79.62
5/14/58,44,62,38.14,79.62
5/15/58,38,57,38.29,81.48
5/16/58,43,47,38.29,81.48
5/17/58,46,79,38.29,81.48
5/18/58,53,78,38.29,81.48
5/19/58,57,82,38.29,81.48
5/20/58,53,70,38.29,81.48
5/21/58,53,68,38.29,81.48
5/22/58,45,72,38.09,83.42
5/23/58,46,69,38.09,83.42
5/24/58,39,68,38.09,83.42
5/25/58,46,61,38.09,83.42
5/26/58,48,70,38.09,83.42
5/27/58,45,66,38.09,83.42
5/28/58,51,62,38.09,83.42
5/29/58,48,63,38.09,83.42
5/30/58,48,75,38.09,83.42
5/31/58,46,81,38.09,83.42
6/1/58,60,84,45.28,85.85
6/2/58,56,70,45.28,85.85
6/3/58,49,70,45.28,85.85
6/4/58,44,67,45.28,85.85
6/5/58,42,74,45.28,85.85
6/6/58,45,67,45.28,85.85
6/7/58,38,70,45.28,85.85
6/8/58,47,70,46.09,86.33
6/9/58,50,75,46.09,86.33
6/10/58,47,63,46.09,86.33
6/11/58,53,68,46.09,86.33
6/12/58,59,80,46.09,86.33
6/13/58,55,79,46.09,86.33
6/14/58,53,70,46.09,86.33
6/15/58,49,69,47.04,87.38
6/16/58,51,71,47.04,87.38
6/17/58,49,62,47.04,87.38
6/18/58,46,70,47.04,87.38
6/19/58,54,59,47.04,87.38
6/20/58,52,61,47.04,87.38
6/21/58,52,60,47.04,87.38
6/22/58,51,74,49.24,90.85
6/23/58,44,71,49.24,90.85
6/24/58,48,80,49.24,90.85
6/25/58,55,83,49.24,90.85
6/26/58,60,85,49.24,90.85
6/27/58,61,79,49.24,90.85
6/28/58,54,77,49.24,90.85
6/29/58,51,84,49.24,90.85
6/30/58,64,89,49.24,90.85
3/1/59,25,36,14.33,48.42
3/2/59,33,43,14.33,48.42
3/3/59,33,47,14.33,48.42
3/4/59,33,45,14.33,48.42
3/5/59,30,46,14.33,48.42
3/6/59,33,57,14.33,48.42
3/7/59,23,43,14.33,48.42
3/8/59,19,34,16.81,50.62
3/9/59,21,33,16.81,50.62
3/10/59,21,31,16.81,50.62
3/11/59,14,34,16.81,50.62
3/12/59,22,33,16.81,50.62
3/13/59,22,32,16.81,50.62
3/14/59,24,43,16.81,50.62
3/15/59,20,45,17.43,51.71
3/16/59,29,45,17.43,51.71
3/17/59,28,43,17.43,51.71
3/18/59,21,35,17.43,51.71
3/19/59,20,51,17.43,51.71
3/20/59,39,66,17.43,51.71
3/21/59,35,64,17.43,51.71
3/22/59,18,35,19.9,61.52
3/23/59,16,40,19.9,61.52
3/24/59,28,54,19.9,61.52
3/25/59,30,54,19.9,61.52
3/26/59,34,52,19.9,61.52
3/27/59,27,38,19.9,61.52
3/28/59,22,35,19.9,61.52
3/29/59,11,43,19.9,61.52
3/30/59,30,42,19.9,61.52
3/31/59,36,51,19.9,61.52
4/1/59,40,60,24.76,64.28
4/2/59,39,57,24.76,64.28
4/3/59,40,63,24.76,64.28
4/4/59,39,55,24.76,64.28
4/5/59,36,59,24.76,64.28
4/6/59,38,52,24.76,64.28
4/7/59,31,54,24.76,64.28
4/8/59,45,70,27.57,65.71
4/9/59,42,59,27.57,65.71
4/10/59,41,47,27.57,65.71
4/11/59,40,50,27.57,65.71
4/12/59,34,46,27.57,65.71
4/13/59,30,47,27.57,65.71
4/14/59,24,55,27.57,65.71
4/15/59,29,63,29.95,71.24
4/16/59,31,74,29.95,71.24
4/17/59,45,73,29.95,71.24
4/18/59,39,62,29.95,71.24
4/19/59,45,72,29.95,71.24
4/20/59,37,47,29.95,71.24
4/21/59,36,57,29.95,71.24
4/22/59,29,57,32.71,74.24
4/23/59,30,59,32.71,74.24
4/24/59,31,72,32.71,74.24
4/25/59,48,70,32.71,74.24
4/26/59,48,68,32.71,74.24
4/27/59,39,49,32.71,74.24
4/28/59,37,52,32.71,74.24
4/29/59,39,44,32.71,74.24
4/30/59,40,50,32.71,74.24
5/1/59,41,60,34.38,75.14
5/2/59,38,65,34.38,75.14
5/3/59,46,68,34.38,75.14
5/4/59,40,64,34.38,75.14
5/5/59,41,69,34.38,75.14
5/6/59,43,75,34.38,75.14
5/7/59,45,67,34.38,75.14
5/8/59,46,66,38.14,79.62
5/9/59,37,71,38.14,79.62
5/10/59,43,77,38.14,79.62
5/11/59,55,85,38.14,79.62
5/12/59,64,89,38.14,79.62
5/13/59,58,74,38.14,79.62
5/14/59,47,68,38.14,79.62
5/15/59,44,57,38.29,81.48
5/16/59,43,60,38.29,81.48
5/17/59,39,58,38.29,81.48
5/18/59,34,70,38.29,81.48
5/19/59,49,74,38.29,81.48
5/20/59,63,88,38.29,81.48
5/21/59,60,85,38.29,81.48
5/22/59,68,91,38.09,83.42
5/23/59,49,71,38.09,83.42
5/24/59,45,61,38.09,83.42
5/25/59,42,74,38.09,83.42
5/26/59,51,79,38.09,83.42
5/27/59,60,88,38.09,83.42
5/28/59,65,88,38.09,83.42
5/29/59,55,78,38.09,83.42
5/30/59,55,86,38.09,83.42
5/31/59,47,71,38.09,83.42
6/1/59,43,73,45.28,85.85
6/2/59,54,64,45.28,85.85
6/3/59,54,79,45.28,85.85
6/4/59,57,81,45.28,85.85
6/5/59,56,78,45.28,85.85
6/6/59,57,83,45.28,85.85
6/7/59,54,65,45.28,85.85
6/8/59,54,84,46.09,86.33
6/9/59,52,89,46.09,86.33
6/10/59,52,93,46.09,86.33
6/11/59,53,76,46.09,86.33
6/12/59,50,75,46.09,86.33
6/13/59,61,75,46.09,86.33
6/14/59,46,61,46.09,86.33
6/15/59,46,55,47.04,87.38
6/16/59,48,60,47.04,87.38
6/17/59,50,53,47.04,87.38
6/18/59,50,61,47.04,87.38
6/19/59,50,56,47.04,87.38
6/20/59,50,82,47.04,87.38
6/21/59,57,82,47.04,87.38
6/22/59,60,75,49.24,90.85
6/23/59,62,79,49.24,90.85
6/24/59,54,76,49.24,90.85
6/25/59,60,67,49.24,90.85
6/26/59,57,68,49.24,90.85
6/27/59,56,68,49.24,90.85
6/28/59,56,64,49.24,90.85
6/29/59,61,90,49.24,90.85
6/30/59,65,91,49.24,90.85
3/1/60,15,28,14.33,48.42
3/2/60,15,31,14.33,48.42
3/3/60,15,29,14.33,48.42
3/4/60,25,31,14.33,48.42
3/5/60,26,35,14.33,48.42
3/6/60,23,34,14.33,48.42
3/7/60,19,37,14.33,48.42
3/8/60,23,32,16.81,50.62
3/9/60,16,31,16.81,50.62
3/10/60,5,29,16.81,50.62
3/11/60,7,26,16.81,50.62
3/12/60,13,38,16.81,50.62
3/13/60,28,40,16.81,50.62
3/14/60,26,37,16.81,50.62
3/15/60,19,40,17.43,51.71
3/16/60,17,42,17.43,51.71
3/17/60,28,35,17.43,51.71
3/18/60,32,46,17.43,51.71
3/19/60,32,41,17.43,51.71
3/20/60,26,44,17.43,51.71
3/21/60,25,38,17.43,51.71
3/22/60,19,31,19.9,61.52
3/23/60,23,37,19.9,61.52
3/24/60,23,44,19.9,61.52
3/25/60,14,29,19.9,61.52
3/26/60,9,34,19.9,61.52
3/27/60,27,48,19.9,61.52
3/28/60,33,58,19.9,61.52
3/29/60,26,48,19.9,61.52
3/30/60,39,57,19.9,61.52
3/31/60,51,62,19.9,61.52
4/1/60,38,51,24.76,64.28
4/2/60,32,48,24.76,64.28
4/3/60,32,48,24.76,64.28
4/4/60,39,68,24.76,64.28
4/5/60,36,54,24.76,64.28
4/6/60,32,40,24.76,64.28
4/7/60,29,49,24.76,64.28
4/8/60,27,45,27.57,65.71
4/9/60,34,47,27.57,65.71
4/10/60,32,49,27.57,65.71
4/11/60,22,52,27.57,65.71
4/12/60,39,62,27.57,65.71
4/13/60,38,61,27.57,65.71
4/14/60,41,74,27.57,65.71
4/15/60,47,74,29.95,71.24
4/16/60,45,56,29.95,71.24
4/17/60,42,70,29.95,71.24
4/18/60,38,70,29.95,71.24
4/19/60,35,56,29.95,71.24
4/20/60,28,59,29.95,71.24
4/21/60,43,74,29.95,71.24
4/22/60,41,72,32.71,74.24
4/23/60,40,46,32.71,74.24
4/24/60,42,49,32.71,74.24
4/25/60,46,62,32.71,74.24
4/26/60,45,69,32.71,74.24
4/27/60,44,54,32.71,74.24
4/28/60,44,62,32.71,74.24
4/29/60,40,63,32.71,74.24
4/30/60,36,63,32.71,74.24
5/1/60,44,53,34.38,75.14
5/2/60,41,60,34.38,75.14
5/3/60,36,74,34.38,75.14
5/4/60,50,79,34.38,75.14
5/5/60,46,81,34.38,75.14
5/6/60,47,82,34.38,75.14
5/7/60,44,76,34.38,75.14
5/8/60,50,62,38.14,79.62
5/9/60,50,62,38.14,79.62
5/10/60,46,70,38.14,79.62
5/11/60,52,63,38.14,79.62
5/12/60,52,74,38.14,79.62
5/13/60,53,57,38.14,79.62
5/14/60,48,68,38.14,79.62
5/15/60,48,62,38.29,81.48
5/16/60,54,69,38.29,81.48
5/17/60,50,77,38.29,81.48
5/18/60,48,60,38.29,81.48
5/19/60,44,82,38.29,81.48
5/20/60,47,79,38.29,81.48
5/21/60,46,69,38.29,81.48
5/22/60,43,61,38.09,83.42
5/23/60,50,59,38.09,83.42
5/24/60,52,57,38.09,83.42
5/25/60,50,59,38.09,83.42
5/26/60,45,73,38.09,83.42
5/27/60,45,79,38.09,83.42
5/28/60,47,75,38.09,83.42
5/29/60,47,78,38.09,83.42
5/30/60,51,76,38.09,83.42
5/31/60,57,66,38.09,83.42
6/1/60,56,66,45.28,85.85
6/2/60,55,76,45.28,85.85
6/3/60,55,78,45.28,85.85
6/4/60,66,72,45.28,85.85
6/5/60,66,83,45.28,85.85
6/6/60,59,80,45.28,85.85
6/7/60,53,73,45.28,85.85
6/8/60,44,71,46.09,86.33
6/9/60,46,70,46.09,86.33
6/10/60,47,72,46.09,86.33
6/11/60,46,73,46.09,86.33
6/12/60,53,75,46.09,86.33
6/13/60,54,82,46.09,86.33
6/14/60,53,72,46.09,86.33
6/15/60,54,67,47.04,87.38
6/16/60,61,84,47.04,87.38
6/17/60,60,88,47.04,87.38
6/18/60,58,82,47.04,87.38
6/19/60,53,77,47.04,87.38
6/20/60,58,76,47.04,87.38
6/21/60,53,79,47.04,87.38
6/22/60,50,81,49.24,90.85
6/23/60,62,81,49.24,90.85
6/24/60,65,74,49.24,90.85
6/25/60,63,71,49.24,90.85
6/26/60,59,85,49.24,90.85
6/27/60,56,87,49.24,90.85
6/28/60,64,90,49.24,90.85
6/29/60,60,84,49.24,90.85
6/30/60,65,84,49.24,90.85
3/1/61,21,36,14.33,48.42
3/2/61,29,41,14.33,48.42
3/3/61,31,57,14.33,48.42
3/4/61,37,48,14.33,48.42
3/5/61,34,39,14.33,48.42
3/6/61,31,37,14.33,48.42
3/7/61,32,50,14.33,48.42
3/8/61,25,33,16.81,50.62
3/9/61,28,34,16.81,50.62
3/10/61,19,31,16.81,50.62
3/11/61,16,35,16.81,50.62
3/12/61,23,37,16.81,50.62
3/13/61,27,46,16.81,50.62
3/14/61,29,36,16.81,50.62
3/15/61,28,46,17.43,51.71
3/16/61,21,40,17.43,51.71
3/17/61,14,28,17.43,51.71
3/18/61,11,42,17.43,51.71
3/19/61,27,35,17.43,51.71
3/20/61,21,41,17.43,51.71
3/21/61,17,40,17.43,51.71
3/22/61,19,48,19.9,61.52
3/23/61,24,53,19.9,61.52
3/24/61,32,40,19.9,61.52
3/25/61,34,49,19.9,61.52
3/26/61,32,53,19.9,61.52
3/27/61,28,64,19.9,61.52
3/28/61,34,66,19.9,61.52
3/29/61,35,54,19.9,61.52
3/30/61,31,43,19.9,61.52
3/31/61,30,53,19.9,61.52
4/1/61,33,41,24.76,64.28
4/2/61,33,44,24.76,64.28
4/3/61,31,45,24.76,64.28
4/4/61,32,50,24.76,64.28
4/5/61,32,55,24.76,64.28
4/6/61,33,49,24.76,64.28
4/7/61,36,49,24.76,64.28
4/8/61,35,49,27.57,65.71
4/9/61,31,56,27.57,65.71
4/10/61,35,39,27.57,65.71
4/11/61,35,45,27.57,65.71
4/12/61,38,57,27.57,65.71
4/13/61,33,43,27.57,65.71
4/14/61,33,43,27.57,65.71
4/15/61,33,53,29.95,71.24
4/16/61,35,40,29.95,71.24
4/17/61,36,56,29.95,71.24
4/18/61,35,41,29.95,71.24
4/19/61,33,44,29.95,71.24
4/20/61,29,61,29.95,71.24
4/21/61,36,68,29.95,71.24
4/22/61,40,54,32.71,74.24
4/23/61,40,67,32.71,74.24
4/24/61,48,55,32.71,74.24
4/25/61,49,68,32.71,74.24
4/26/61,44,53,32.71,74.24
4/27/61,40,63,32.71,74.24
4/28/61,40,63,32.71,74.24
4/29/61,42,45,32.71,74.24
4/30/61,40,57,32.71,74.24
5/1/61,33,61,34.38,75.14
5/2/61,37,49,34.38,75.14
5/3/61,33,52,34.38,75.14
5/4/61,38,61,34.38,75.14
5/5/61,39,59,34.38,75.14
5/6/61,30,64,34.38,75.14
5/7/61,47,50,34.38,75.14
5/8/61,47,61,38.14,79.62
5/9/61,46,54,38.14,79.62
5/10/61,53,69,38.14,79.62
5/11/61,48,62,38.14,79.62
5/12/61,47,55,38.14,79.62
5/13/61,47,79,38.14,79.62
5/14/61,61,87,38.14,79.62
5/15/61,60,87,38.29,81.48
5/16/61,61,70,38.29,81.48
5/17/61,44,66,38.29,81.48
5/18/61,41,58,38.29,81.48
5/19/61,42,52,38.29,81.48
5/20/61,43,64,38.29,81.48
5/21/61,44,71,38.29,81.48
5/22/61,44,69,38.09,83.42
5/23/61,45,61,38.09,83.42
5/24/61,47,68,38.09,83.42
5/25/61,58,83,38.09,83.42
5/26/61,55,65,38.09,83.42
5/27/61,43,56,38.09,83.42
5/28/61,46,75,38.09,83.42
5/29/61,48,73,38.09,83.42
5/30/61,39,59,38.09,83.42
5/31/61,35,69,38.09,83.42
6/1/61,55,71,45.28,85.85
6/2/61,57,84,45.28,85.85
6/3/61,57,75,45.28,85.85
6/4/61,49,74,45.28,85.85
6/5/61,56,84,45.28,85.85
6/6/61,57,86,45.28,85.85
6/7/61,50,70,45.28,85.85
6/8/61,52,79,46.09,86.33
6/9/61,61,73,46.09,86.33
6/10/61,62,78,46.09,86.33
6/11/61,58,79,46.09,86.33
6/12/61,66,83,46.09,86.33
6/13/61,70,92,46.09,86.33
6/14/61,52,77,46.09,86.33
6/15/61,46,65,47.04,87.38
6/16/61,42,72,47.04,87.38
6/17/61,46,78,47.04,87.38
6/18/61,52,81,47.04,87.38
6/19/61,54,82,47.04,87.38
6/20/61,61,83,47.04,87.38
6/21/61,61,76,47.04,87.38
6/22/61,64,74,49.24,90.85
6/23/61,62,80,49.24,90.85
6/24/61,60,79,49.24,90.85
6/25/61,57,77,49.24,90.85
6/26/61,57,74,49.24,90.85
6/27/61,59,75,49.24,90.85
6/28/61,55,82,49.24,90.85
6/29/61,58,87,49.24,90.85
6/30/61,65,84,49.24,90.85
3/1/62,11,34,14.33,48.42
3/2/62,5,19,14.33,48.42
3/3/62,3,25,14.33,48.42
3/4/62,13,37,14.33,48.42
3/5/62,31,37,14.33,48.42
3/6/62,33,39,14.33,48.42
3/7/62,28,36,14.33,48.42
3/8/62,19,36,16.81,50.62
3/9/62,12,39,16.81,50.62
3/10/62,21,43,16.81,50.62
3/11/62,15,40,16.81,50.62
3/12/62,29,40,16.81,50.62
3/13/62,33,38,16.81,50.62
3/14/62,29,42,16.81,50.62
3/15/62,32,44,17.43,51.71
3/16/62,29,45,17.43,51.71
3/17/62,31,45,17.43,51.71
3/18/62,28,42,17.43,51.71
3/19/62,24,45,17.43,51.71
3/20/62,21,44,17.43,51.71
3/21/62,32,40,17.43,51.71
3/22/62,28,45,19.9,61.52
3/23/62,28,46,19.9,61.52
3/24/62,33,54,19.9,61.52
3/25/62,37,48,19.9,61.52
3/26/62,31,51,19.9,61.52
3/27/62,37,45,19.9,61.52
3/28/62,35,55,19.9,61.52
3/29/62,28,70,19.9,61.52
3/30/62,47,75,19.9,61.52
3/31/62,48,70,19.9,61.52
4/1/62,40,58,24.76,64.28
4/2/62,31,45,24.76,64.28
4/3/62,24,44,24.76,64.28
4/4/62,20,49,24.76,64.28
4/5/62,29,58,24.76,64.28
4/6/62,31,66,24.76,64.28
4/7/62,47,64,24.76,64.28
4/8/62,49,61,27.57,65.71
4/9/62,40,65,27.57,65.71
4/10/62,40,55,27.57,65.71
4/11/62,39,58,27.57,65.71
4/12/62,35,46,27.57,65.71
4/13/62,34,40,27.57,65.71
4/14/62,36,46,27.57,65.71
4/15/62,32,48,29.95,71.24
4/16/62,32,43,29.95,71.24
4/17/62,31,44,29.95,71.24
4/18/62,26,50,29.95,71.24
4/19/62,31,53,29.95,71.24
4/20/62,32,55,29.95,71.24
4/21/62,27,67,29.95,71.24
4/22/62,36,78,32.71,74.24
4/23/62,37,70,32.71,74.24
4/24/62,29,53,32.71,74.24
4/25/62,28,76,32.71,74.24
4/26/62,37,55,32.71,74.24
4/27/62,39,89,32.71,74.24
4/28/62,43,85,32.71,74.24
4/29/62,41,77,32.71,74.24
4/30/62,40,45,32.71,74.24
5/1/62,38,44,34.38,75.14
5/2/62,40,43,34.38,75.14
5/3/62,40,46,34.38,75.14
5/4/62,40,55,34.38,75.14
5/5/62,37,60,34.38,75.14
5/6/62,34,63,34.38,75.14
5/7/62,41,60,34.38,75.14
5/8/62,39,54,38.14,79.62
5/9/62,38,59,38.14,79.62
5/10/62,38,64,38.14,79.62
5/11/62,34,68,38.14,79.62
5/12/62,34,60,38.14,79.62
5/13/62,30,63,38.14,79.62
5/14/62,45,52,38.14,79.62
5/15/62,49,57,38.29,81.48
5/16/62,47,54,38.29,81.48
5/17/62,47,70,38.29,81.48
5/18/62,47,78,38.29,81.48
5/19/62,55,92,38.29,81.48
5/20/62,50,68,38.29,81.48
5/21/62,47,77,38.29,81.48
5/22/62,40,74,38.09,83.42
5/23/62,43,68,38.09,83.42
5/24/62,55,73,38.09,83.42
5/25/62,53,77,38.09,83.42
5/26/62,47,76,38.09,83.42
5/27/62,45,71,38.09,83.42
5/28/62,40,71,38.09,83.42
5/29/62,36,74,38.09,83.42
5/30/62,54,81,38.09,83.42
5/31/62,65,87,38.09,83.42
6/1/62,62,84,45.28,85.85
6/2/62,53,74,45.28,85.85
6/3/62,48,74,45.28,85.85
6/4/62,45,75,45.28,85.85
6/5/62,52,68,45.28,85.85
6/6/62,52,69,45.28,85.85
6/7/62,46,74,45.28,85.85
6/8/62,50,75,46.09,86.33
6/9/62,46,79,46.09,86.33
6/10/62,57,83,46.09,86.33
6/11/62,65,84,46.09,86.33
6/12/62,57,68,46.09,86.33
6/13/62,52,58,46.09,86.33
6/14/62,50,66,46.09,86.33
6/15/62,47,82,47.04,87.38
6/16/62,54,87,47.04,87.38
6/17/62,56,87,47.04,87.38
6/18/62,64,80,47.04,87.38
6/19/62,58,84,47.04,87.38
6/20/62,57,77,47.04,87.38
6/21/62,52,66,47.04,87.38
6/22/62,50,74,49.24,90.85
6/23/62,56,76,49.24,90.85
6/24/62,68,73,49.24,90.85
6/25/62,62,81,49.24,90.85
6/26/62,56,79,49.24,90.85
6/27/62,52,70,49.24,90.85
6/28/62,47,80,49.24,90.85
6/29/62,57,86,49.24,90.85
6/30/62,60,84,49.24,90.85
3/1/63,10,28,14.33,48.42
3/2/63,23,31,14.33,48.42
3/3/63,12,41,14.33,48.42
3/4/63,12,37,14.33,48.42
3/5/63,24,37,14.33,48.42
3/6/63,20,39,14.33,48.42
3/7/63,29,39,14.33,48.42
3/8/63,22,41,16.81,50.62
3/9/63,31,46,16.81,50.62
3/10/63,27,40,16.81,50.62
3/11/63,22,35,16.81,50.62
3/12/63,28,36,16.81,50.62
3/13/63,30,38,16.81,50.62
3/14/63,29,39,16.81,50.62
3/15/63,22,39,17.43,51.71
3/16/63,18,39,17.43,51.71
3/17/63,33,39,17.43,51.71
3/18/63,32,43,17.43,51.71
3/19/63,28,42,17.43,51.71
3/20/63,31,34,17.43,51.71
3/21/63,27,42,17.43,51.71
3/22/63,28,44,19.9,61.52
3/23/63,25,40,19.9,61.52
3/24/63,20,50,19.9,61.52
3/25/63,34,68,19.9,61.52
3/26/63,41,69,19.9,61.52
3/27/63,40,55,19.9,61.52
3/28/63,33,57,19.9,61.52
3/29/63,24,47,19.9,61.52
3/30/63,32,53,19.9,61.52
3/31/63,28,58,19.9,61.52
4/1/63,27,64,24.76,64.28
4/2/63,46,70,24.76,64.28
4/3/63,38,52,24.76,64.28
4/4/63,29,56,24.76,64.28
4/5/63,28,44,24.76,64.28
4/6/63,28,55,24.76,64.28
4/7/63,31,62,24.76,64.28
4/8/63,31,52,27.57,65.71
4/9/63,26,54,27.57,65.71
4/10/63,27,45,27.57,65.71
4/11/63,31,48,27.57,65.71
4/12/63,34,60,27.57,65.71
4/13/63,33,59,27.57,65.71
4/14/63,26,56,27.57,65.71
4/15/63,31,56,29.95,71.24
4/16/63,36,60,29.95,71.24
4/17/63,29,60,29.95,71.24
4/18/63,44,70,29.95,71.24
4/19/63,34,60,29.95,71.24
4/20/63,43,74,29.95,71.24
4/21/63,41,69,29.95,71.24
4/22/63,40,54,32.71,74.24
4/23/63,33,42,32.71,74.24
4/24/63,34,50,32.71,74.24
4/25/63,35,50,32.71,74.24
4/26/63,32,51,32.71,74.24
4/27/63,30,54,32.71,74.24
4/28/63,35,57,32.71,74.24
4/29/63,31,67,32.71,74.24
4/30/63,44,53,32.71,74.24
5/1/63,41,64,34.38,75.14
5/2/63,41,48,34.38,75.14
5/3/63,37,73,34.38,75.14
5/4/63,45,81,34.38,75.14
5/5/63,39,74,34.38,75.14
5/6/63,39,57,34.38,75.14
5/7/63,40,69,34.38,75.14
5/8/63,48,77,38.14,79.62
5/9/63,57,84,38.14,79.62
5/10/63,36,74,38.14,79.62
5/11/63,34,40,38.14,79.62
5/12/63,29,58,38.14,79.62
5/13/63,33,68,38.14,79.62
5/14/63,46,69,38.14,79.62
5/15/63,44,69,38.29,81.48
5/16/63,37,70,38.29,81.48
5/17/63,43,74,38.29,81.48
5/18/63,52,59,38.29,81.48
5/19/63,49,77,38.29,81.48
5/20/63,49,80,38.29,81.48
5/21/63,44,70,38.29,81.48
5/22/63,48,70,38.09,83.42
5/23/63,40,57,38.09,83.42
5/24/63,33,63,38.09,83.42
5/25/63,41,69,38.09,83.42
5/26/63,42,68,38.09,83.42
5/27/63,37,72,38.09,83.42
5/28/63,42,72,38.09,83.42
5/29/63,55,65,38.09,83.42
5/30/63,54,71,38.09,83.42
5/31/63,49,76,38.09,83.42
6/1/63,48,81,45.28,85.85
6/2/63,53,78,45.28,85.85
6/3/63,52,82,45.28,85.85
6/4/63,65,82,45.28,85.85
6/5/63,62,84,45.28,85.85
6/6/63,61,83,45.28,85.85
6/7/63,44,67,45.28,85.85
6/8/63,44,76,46.09,86.33
6/9/63,59,83,46.09,86.33
6/10/63,48,65,46.09,86.33
6/11/63,43,58,46.09,86.33
6/12/63,52,60,46.09,86.33
6/13/63,52,77,46.09,86.33
6/14/63,47,70,46.09,86.33
6/15/63,52,55,47.04,87.38
6/16/63,44,70,47.04,87.38
6/17/63,46,76,47.04,87.38
6/18/63,52,80,47.04,87.38
6/19/63,53,82,47.04,87.38
6/20/63,59,78,47.04,87.38
6/21/63,51,67,47.04,87.38
6/22/63,49,72,49.24,90.85
6/23/63,55,82,49.24,90.85
6/24/63,51,90,49.24,90.85
6/25/63,56,92,49.24,90.85
6/26/63,62,93,49.24,90.85
6/27/63,58,93,49.24,90.85
6/28/63,64,86,49.24,90.85
6/29/63,62,73,49.24,90.85
6/30/63,65,87,49.24,90.85
3/1/64,23,46,14.33,48.42
3/2/64,22,52,14.33,48.42
3/3/64,30,54,14.33,48.42
3/4/64,24,53,14.33,48.42
3/5/64,40,59,14.33,48.42
3/6/64,25,47,14.33,48.42
3/7/64,20,50,14.33,48.42
3/8/64,29,43,16.81,50.62
3/9/64,36,43,16.81,50.62
3/10/64,23,37,16.81,50.62
3/11/64,20,32,16.81,50.62
3/12/64,26,36,16.81,50.62
3/13/64,20,43,16.81,50.62
3/14/64,24,50,16.81,50.62
3/15/64,39,51,17.43,51.71
3/16/64,30,42,17.43,51.71
3/17/64,23,38,17.43,51.71
3/18/64,24,35,17.43,51.71
3/19/64,21,37,17.43,51.71
3/20/64,28,45,17.43,51.71
3/21/64,26,42,17.43,51.71
3/22/64,25,35,19.9,61.52
3/23/64,23,46,19.9,61.52
3/24/64,20,47,19.9,61.52
3/25/64,36,67,19.9,61.52
3/26/64,34,47,19.9,61.52
3/27/64,32,42,19.9,61.52
3/28/64,24,50,19.9,61.52
3/29/64,33,47,19.9,61.52
3/30/64,26,41,19.9,61.52
3/31/64,22,33,19.9,61.52
4/1/64,6,41,24.76,64.28
4/2/64,7,47,24.76,64.28
4/3/64,34,64,24.76,64.28
4/4/64,28,41,24.76,64.28
4/5/64,21,48,24.76,64.28
4/6/64,22,52,24.76,64.28
4/7/64,37,48,24.76,64.28
4/8/64,42,59,27.57,65.71
4/9/64,37,44,27.57,65.71
4/10/64,32,60,27.57,65.71
4/11/64,34,58,27.57,65.71
4/12/64,28,65,27.57,65.71
4/13/64,31,61,27.57,65.71
4/14/64,51,60,27.57,65.71
4/15/64,48,55,29.95,71.24
4/16/64,36,57,29.95,71.24
4/17/64,33,61,29.95,71.24
4/18/64,42,82,29.95,71.24
4/19/64,45,57,29.95,71.24
4/20/64,37,45,29.95,71.24
4/21/64,37,50,29.95,71.24
4/22/64,35,44,32.71,74.24
4/23/64,37,57,32.71,74.24
4/24/64,38,47,32.71,74.24
4/25/64,39,47,32.71,74.24
4/26/64,41,63,32.71,74.24
4/27/64,41,73,32.71,74.24
4/28/64,40,57,32.71,74.24
4/29/64,39,47,32.71,74.24
4/30/64,35,57,32.71,74.24
5/1/64,30,54,34.38,75.14
5/2/64,27,59,34.38,75.14
5/3/64,29,65,34.38,75.14
5/4/64,35,80,34.38,75.14
5/5/64,40,65,34.38,75.14
5/6/64,40,68,34.38,75.14
5/7/64,45,86,34.38,75.14
5/8/64,55,85,38.14,79.62
5/9/64,55,84,38.14,79.62
5/10/64,55,69,38.14,79.62
5/11/64,52,73,38.14,79.62
5/12/64,44,75,38.14,79.62
5/13/64,52,64,38.14,79.62
5/14/64,48,53,38.14,79.62
5/15/64,45,58,38.29,81.48
5/16/64,42,78,38.29,81.48
5/17/64,54,75,38.29,81.48
5/18/64,48,74,38.29,81.48
5/19/64,42,83,38.29,81.48
5/20/64,46,66,38.29,81.48
5/21/64,33,68,38.29,81.48
5/22/64,49,78,38.09,83.42
5/23/64,65,93,38.09,83.42
5/24/64,66,92,38.09,83.42
5/25/64,53,71,38.09,83.42
5/26/64,45,76,38.09,83.42
5/27/64,56,75,38.09,83.42
5/28/64,45,62,38.09,83.42
5/29/64,36,64,38.09,83.42
5/30/64,36,67,38.09,83.42
5/31/64,40,71,38.09,83.42
6/1/64,46,60,45.28,85.85
6/2/64,49,67,45.28,85.85
6/3/64,42,72,45.28,85.85
6/4/64,49,69,45.28,85.85
6/5/64,44,70,45.28,85.85
6/6/64,37,77,45.28,85.85
6/7/64,55,74,45.28,85.85
6/8/64,57,67,46.09,86.33
6/9/64,55,70,46.09,86.33
6/10/64,58,86,46.09,86.33
6/11/64,55,78,46.09,86.33
6/12/64,55,84,46.09,86.33
6/13/64,56,70,46.09,86.33
6/14/64,58,85,46.09,86.33
6/15/64,55,78,47.04,87.38
6/16/64,55,68,47.04,87.38
6/17/64,55,78,47.04,87.38
6/18/64,49,80,47.04,87.38
6/19/64,58,84,47.04,87.38
6/20/64,69,95,47.04,87.38
6/21/64,62,86,47.04,87.38
6/22/64,64,84,49.24,90.85
6/23/64,56,84,49.24,90.85
6/24/64,61,84,49.24,90.85
6/25/64,54,73,49.24,90.85
6/26/64,47,80,49.24,90.85
6/27/64,60,82,49.24,90.85
6/28/64,47,78,49.24,90.85
6/29/64,47,80,49.24,90.85
6/30/64,65,93,49.24,90.85
3/1/65,25,40,14.33,48.42
3/2/65,26,50,14.33,48.42
3/3/65,32,50,14.33,48.42
3/4/65,25,57,14.33,48.42
3/5/65,29,44,14.33,48.42
3/6/65,33,37,14.33,48.42
3/7/65,35,47,14.33,48.42
3/8/65,37,47,16.81,50.62
3/9/65,34,42,16.81,50.62
3/10/65,29,47,16.81,50.62
3/11/65,26,41,16.81,50.62
3/12/65,19,39,16.81,50.62
3/13/65,21,43,16.81,50.62
3/14/65,27,45,16.81,50.62
3/15/65,26,41,17.43,51.71
3/16/65,18,43,17.43,51.71
3/17/65,28,46,17.43,51.71
3/18/65,33,38,17.43,51.71
3/19/65,29,45,17.43,51.71
3/20/65,24,29,17.43,51.71
3/21/65,11,27,17.43,51.71
3/22/65,14,31,19.9,61.52
3/23/65,29,43,19.9,61.52
3/24/65,27,38,19.9,61.52
3/25/65,25,44,19.9,61.52
3/26/65,32,39,19.9,61.52
3/27/65,30,41,19.9,61.52
3/28/65,24,47,19.9,61.52
3/29/65,24,29,19.9,61.52
3/30/65,25,35,19.9,61.52
3/31/65,20,34,19.9,61.52
4/1/65,17,46,24.76,64.28
4/2/65,29,46,24.76,64.28
4/3/65,29,47,24.76,64.28
4/4/65,28,53,24.76,64.28
4/5/65,21,60,24.76,64.28
4/6/65,27,59,24.76,64.28
4/7/65,29,49,24.76,64.28
4/8/65,34,49,27.57,65.71
4/9/65,27,55,27.57,65.71
4/10/65,39,58,27.57,65.71
4/11/65,30,54,27.57,65.71
4/12/65,38,46,27.57,65.71
4/13/65,35,43,27.57,65.71
4/14/65,31,56,27.57,65.71
4/15/65,29,61,29.95,71.24
4/16/65,42,61,29.95,71.24
4/17/65,39,53,29.95,71.24
4/18/65,33,49,29.95,71.24
4/19/65,34,45,29.95,71.24
4/20/65,31,46,29.95,71.24
4/21/65,29,53,29.95,71.24
4/22/65,44,60,32.71,74.24
4/23/65,29,50,32.71,74.24
4/24/65,31,49,32.71,74.24
4/25/65,29,60,32.71,74.24
4/26/65,39,43,32.71,74.24
4/27/65,41,50,32.71,74.24
4/28/65,42,62,32.71,74.24
4/29/65,33,69,32.71,74.24
4/30/65,37,76,32.71,74.24
5/1/65,41,69,34.38,75.14
5/2/65,40,68,34.38,75.14
5/3/65,36,65,34.38,75.14
5/4/65,51,80,34.38,75.14
5/5/65,45,68,34.38,75.14
5/6/65,39,66,34.38,75.14
5/7/65,35,52,34.38,75.14
5/8/65,45,68,38.14,79.62
5/9/65,53,85,38.14,79.62
5/10/65,54,90,38.14,79.62
5/11/65,54,84,38.14,79.62
5/12/65,46,75,38.14,79.62
5/13/65,46,74,38.14,79.62
5/14/65,42,65,38.14,79.62
5/15/65,34,71,38.29,81.48
5/16/65,49,83,38.29,81.48
5/17/65,54,69,38.29,81.48
5/18/65,49,57,38.29,81.48
5/19/65,49,56,38.29,81.48
5/20/65,50,73,38.29,81.48
5/21/65,43,64,38.29,81.48
5/22/65,43,77,38.09,83.42
5/23/65,51,67,38.09,83.42
5/24/65,36,72,38.09,83.42
5/25/65,44,80,38.09,83.42
5/26/65,64,89,38.09,83.42
5/27/65,50,75,38.09,83.42
5/28/65,60,80,38.09,83.42
5/29/65,54,65,38.09,83.42
5/30/65,43,66,38.09,83.42
5/31/65,45,71,38.09,83.42
6/1/65,44,70,45.28,85.85
6/2/65,52,57,45.28,85.85
6/3/65,45,59,45.28,85.85
6/4/65,39,74,45.28,85.85
6/5/65,55,82,45.28,85.85
6/6/65,54,84,45.28,85.85
6/7/65,62,90,45.28,85.85
6/8/65,65,88,46.09,86.33
6/9/65,70,82,46.09,86.33
6/10/65,62,82,46.09,86.33
6/11/65,49,75,46.09,86.33
6/12/65,50,78,46.09,86.33
6/13/65,48,65,46.09,86.33
6/14/65,48,53,46.09,86.33
6/15/65,42,60,47.04,87.38
6/16/65,37,66,47.04,87.38
6/17/65,40,68,47.04,87.38
6/18/65,40,73,47.04,87.38
6/19/65,47,77,47.04,87.38
6/20/65,57,83,47.04,87.38
6/21/65,63,89,47.04,87.38
6/22/65,63,84,49.24,90.85
6/23/65,57,89,49.24,90.85
6/24/65,60,77,49.24,90.85
6/25/65,48,72,49.24,90.85
6/26/65,43,76,49.24,90.85
6/27/65,50,80,49.24,90.85
6/28/65,54,86,49.24,90.85
6/29/65,69,86,49.24,90.85
6/30/65,60,74,49.24,90.85
3/1/66,37,50,14.33,48.42
3/2/66,37,46,14.33,48.42
3/3/66,30,54,14.33,48.42
3/4/66,27,46,14.33,48.42
3/5/66,34,38,14.33,48.42
3/6/66,32,43,14.33,48.42
3/7/66,26,40,14.33,48.42
3/8/66,23,37,16.81,50.62
3/9/66,17,40,16.81,50.62
3/10/66,20,53,16.81,50.62
3/11/66,23,44,16.81,50.62
3/12/66,19,32,16.81,50.62
3/13/66,30,35,16.81,50.62
3/14/66,24,42,16.81,50.62
3/15/66,25,35,17.43,51.71
3/16/66,21,45,17.43,51.71
3/17/66,18,51,17.43,51.71
3/18/66,37,65,17.43,51.71
3/19/66,39,62,17.43,51.71
3/20/66,36,54,17.43,51.71
3/21/66,26,52,17.43,51.71
3/22/66,26,54,19.9,61.52
3/23/66,37,47,19.9,61.52
3/24/66,32,54,19.9,61.52
3/25/66,28,56,19.9,61.52
3/26/66,25,47,19.9,61.52
3/27/66,23,42,19.9,61.52
3/28/66,18,32,19.9,61.52
3/29/66,17,41,19.9,61.52
3/30/66,28,48,19.9,61.52
3/31/66,29,46,19.9,61.52
4/1/66,27,43,24.76,64.28
4/2/66,27,48,24.76,64.28
4/3/66,29,49,24.76,64.28
4/4/66,30,51,24.76,64.28
4/5/66,27,49,24.76,64.28
4/6/66,24,52,24.76,64.28
4/7/66,26,52,24.76,64.28
4/8/66,32,47,27.57,65.71
4/9/66,28,48,27.57,65.71
4/10/66,33,48,27.57,65.71
4/11/66,28,51,27.57,65.71
4/12/66,28,49,27.57,65.71
4/13/66,24,46,27.57,65.71
4/14/66,29,48,27.57,65.71
4/15/66,25,55,29.95,71.24
4/16/66,29,57,29.95,71.24
4/17/66,35,62,29.95,71.24
4/18/66,28,62,29.95,71.24
4/19/66,28,52,29.95,71.24
4/20/66,37,45,29.95,71.24
4/21/66,39,62,29.95,71.24
4/22/66,39,60,32.71,74.24
4/23/66,32,57,32.71,74.24
4/24/66,40,48,32.71,74.24
4/25/66,47,70,32.71,74.24
4/26/66,41,58,32.71,74.24
4/27/66,31,50,32.71,74.24
4/28/66,34,42,32.71,74.24
4/29/66,36,51,32.71,74.24
4/30/66,31,60,32.71,74.24
5/1/66,45,68,34.38,75.14
5/2/66,42,57,34.38,75.14
5/3/66,30,63,34.38,75.14
5/4/66,38,54,34.38,75.14
5/5/66,38,67,34.38,75.14
5/6/66,52,69,34.38,75.14
5/7/66,40,54,34.38,75.14
5/8/66,43,55,38.14,79.62
5/9/66,40,45,38.14,79.62
5/10/66,37,53,38.14,79.62
5/11/66,35,60,38.14,79.62
5/12/66,40,56,38.14,79.62
5/13/66,40,61,38.14,79.62
5/14/66,36,73,38.14,79.62
5/15/66,39,68,38.29,81.48
5/16/66,37,64,38.29,81.48
5/17/66,49,66,38.29,81.48
5/18/66,44,65,38.29,81.48
5/19/66,53,68,38.29,81.48
5/20/66,60,80,38.29,81.48
5/21/66,55,78,38.29,81.48
5/22/66,55,71,38.09,83.42
5/23/66,44,83,38.09,83.42
5/24/66,58,84,38.09,83.42
5/25/66,59,77,38.09,83.42
5/26/66,55,79,38.09,83.42
5/27/66,55,88,38.09,83.42
5/28/66,65,70,38.09,83.42
5/29/66,50,79,38.09,83.42
5/30/66,45,71,38.09,83.42
5/31/66,44,70,38.09,83.42
6/1/66,51,64,45.28,85.85
6/2/66,49,71,45.28,85.85
6/3/66,46,81,45.28,85.85
6/4/66,62,88,45.28,85.85
6/5/66,60,89,45.28,85.85
6/6/66,63,90,45.28,85.85
6/7/66,63,84,45.28,85.85
6/8/66,63,83,46.09,86.33
6/9/66,57,76,46.09,86.33
6/10/66,53,60,46.09,86.33
6/11/66,46,65,46.09,86.33
6/12/66,40,68,46.09,86.33
6/13/66,51,64,46.09,86.33
6/14/66,57,85,46.09,86.33
6/15/66,58,81,47.04,87.38
6/16/66,53,76,47.04,87.38
6/17/66,61,78,47.04,87.38
6/18/66,57,80,47.04,87.38
6/19/66,56,77,47.04,87.38
6/20/66,54,84,47.04,87.38
6/21/66,59,83,47.04,87.38
6/22/66,47,77,49.24,90.85
6/23/66,56,86,49.24,90.85
6/24/66,61,88,49.24,90.85
6/25/66,57,61,49.24,90.85
6/26/66,58,72,49.24,90.85
6/27/66,66,92,49.24,90.85
6/28/66,59,89,49.24,90.85
6/29/66,64,89,49.24,90.85
6/30/66,58,83,49.24,90.85
3/1/67,11, null,14.33,48.42
3/2/67,8,34,14.33,48.42
3/3/67,33,43,14.33,48.42
3/4/67,29,39,14.33,48.42
3/5/67,26,33,14.33,48.42
3/6/67,29,34,14.33,48.42
3/7/67,25,34,14.33,48.42
3/8/67,15,33,16.81,50.62
3/9/67,14,42,16.81,50.62
3/10/67,29,58,16.81,50.62
3/11/67,31,63,16.81,50.62
3/12/67,24,42,16.81,50.62
3/13/67,18,41,16.81,50.62
3/14/67,33,45,16.81,50.62
3/15/67,25,36,17.43,51.71
3/16/67,18,32,17.43,51.71
3/17/67,8,21,17.43,51.71
3/18/67,1,17,17.43,51.71
3/19/67,-7,27,17.43,51.71
3/20/67,11,40,17.43,51.71
3/21/67,12,34,17.43,51.71
3/22/67,28,31,19.9,61.52
3/23/67,25,34,19.9,61.52
3/24/67,27,45,19.9,61.52
3/25/67,31,47,19.9,61.52
3/26/67,30,44,19.9,61.52
3/27/67,27,37,19.9,61.52
3/28/67,35,45,19.9,61.52
3/29/67,31,45,19.9,61.52
3/30/67,27,48,19.9,61.52
3/31/67,27,50,19.9,61.52
4/1/67,30,74,24.76,64.28
4/2/67,49,77,24.76,64.28
4/3/67,33,71,24.76,64.28
4/4/67,27,46,24.76,64.28
4/5/67,34,62,24.76,64.28
4/6/67,34,47,24.76,64.28
4/7/67,29,37,24.76,64.28
4/8/67,22,45,27.57,65.71
4/9/67,26,61,27.57,65.71
4/10/67,38,61,27.57,65.71
4/11/67,28,42,27.57,65.71
4/12/67,24,45,27.57,65.71
4/13/67,20,60,27.57,65.71
4/14/67,33,71,27.57,65.71
4/15/67,38,53,29.95,71.24
4/16/67,36,38,29.95,71.24
4/17/67,35,42,29.95,71.24
4/18/67,34,39,29.95,71.24
4/19/67,33,42,29.95,71.24
4/20/67,38,56,29.95,71.24
4/21/67,34,62,29.95,71.24
4/22/67,44,64,32.71,74.24
4/23/67,40,53,32.71,74.24
4/24/67,33,39,32.71,74.24
4/25/67,35,51,32.71,74.24
4/26/67,26,58,32.71,74.24
4/27/67,37,50,32.71,74.24
4/28/67,38,55,32.71,74.24
4/29/67,37,62,32.71,74.24
4/30/67,30,64,32.71,74.24
5/1/67,32,65,34.38,75.14
5/2/67,36,65,34.38,75.14
5/3/67,44,59,34.38,75.14
5/4/67,37,65,34.38,75.14
5/5/67,39,67,34.38,75.14
5/6/67,38,49,34.38,75.14
5/7/67,30,48,34.38,75.14
5/8/67,39,55,38.14,79.62
5/9/67,44,57,38.14,79.62
5/10/67,43,53,38.14,79.62
5/11/67,35,58,38.14,79.62
5/12/67,43,60,38.14,79.62
5/13/67,37,65,38.14,79.62
5/14/67,35,69,38.14,79.62
5/15/67,45,53,38.29,81.48
5/16/67,45,58,38.29,81.48
5/17/67,43,70,38.29,81.48
5/18/67,50,71,38.29,81.48
5/19/67,49,81,38.29,81.48
5/20/67,51,74,38.29,81.48
5/21/67,43,62,38.29,81.48
5/22/67,43,62,38.09,83.42
5/23/67,41,61,38.09,83.42
5/24/67,39,63,38.09,83.42
5/25/67,42,49,38.09,83.42
5/26/67,43,46,38.09,83.42
5/27/67,45,62,38.09,83.42
5/28/67,41,73,38.09,83.42
5/29/67,39,66,38.09,83.42
5/30/67,38,70,38.09,83.42
5/31/67,45,64,38.09,83.42
6/1/67,40,79,45.28,85.85
6/2/67,58,84,45.28,85.85
6/3/67,52,83,45.28,85.85
6/4/67,51,86,45.28,85.85
6/5/67,51,87,45.28,85.85
6/6/67,59,84,45.28,85.85
6/7/67,60,84,45.28,85.85
6/8/67,56,67,46.09,86.33
6/9/67,56,87,46.09,86.33
6/10/67,65,90,46.09,86.33
6/11/67,68,86,46.09,86.33
6/12/67,55,88,46.09,86.33
6/13/67,49,64,46.09,86.33
6/14/67,49,74,46.09,86.33
6/15/67,57,85,47.04,87.38
6/16/67,69,93,47.04,87.38
6/17/67,70,91,47.04,87.38
6/18/67,64,76,47.04,87.38
6/19/67,60,64,47.04,87.38
6/20/67,53,60,47.04,87.38
6/21/67,53,60,47.04,87.38
6/22/67,58,80,49.24,90.85
6/23/67,68,78,49.24,90.85
6/24/67,63,86,49.24,90.85
6/25/67,63,87,49.24,90.85
6/26/67,58,79,49.24,90.85
6/27/67,53,82,49.24,90.85
6/28/67,53,82,49.24,90.85
6/29/67,51,75,49.24,90.85
6/30/67,55,59,49.24,90.85
3/1/68,34,36,14.33,48.42
3/2/68,28,37,14.33,48.42
3/3/68,10,32,14.33,48.42
3/4/68,10,39,14.33,48.42
3/5/68,27,43,14.33,48.42
3/6/68,19,31,14.33,48.42
3/7/68,16,31,14.33,48.42
3/8/68,13,45,16.81,50.62
3/9/68,35,51,16.81,50.62
3/10/68,31,47,16.81,50.62
3/11/68,31,48,16.81,50.62
3/12/68,23,31,16.81,50.62
3/13/68,26,33,16.81,50.62
3/14/68,16,32,16.81,50.62
3/15/68,12,41,17.43,51.71
3/16/68,35,51,17.43,51.71
3/17/68,42,50,17.43,51.71
3/18/68,40,43,17.43,51.71
3/19/68,41,45,17.43,51.71
3/20/68,41,60,17.43,51.71
3/21/68,42,54,17.43,51.71
3/22/68,36,43,19.9,61.52
3/23/68,36,59,19.9,61.52
3/24/68,30,38,19.9,61.52
3/25/68,25,47,19.9,61.52
3/26/68,23,52,19.9,61.52
3/27/68,34,62,19.9,61.52
3/28/68,29,58,19.9,61.52
3/29/68,39,71,19.9,61.52
3/30/68,42,60,19.9,61.52
3/31/68,34,70,19.9,61.52
4/1/68,39,60,24.76,64.28
4/2/68,30,58,24.76,64.28
4/3/68,40,67,24.76,64.28
4/4/68,45,65,24.76,64.28
4/5/68,36,62,24.76,64.28
4/6/68,30,51,24.76,64.28
4/7/68,29,63,24.76,64.28
4/8/68,38,62,27.57,65.71
4/9/68,52,68,27.57,65.71
4/10/68,40,64,27.57,65.71
4/11/68,33,52,27.57,65.71
4/12/68,26,67,27.57,65.71
4/13/68,43,82,27.57,65.71
4/14/68,41,67,27.57,65.71
4/15/68,37,50,29.95,71.24
4/16/68,44,65,29.95,71.24
4/17/68,37,66,29.95,71.24
4/18/68,32,64,29.95,71.24
4/19/68,39,72,29.95,71.24
4/20/68,37,61,29.95,71.24
4/21/68,48,54,29.95,71.24
4/22/68,40,57,32.71,74.24
4/23/68,36,55,32.71,74.24
4/24/68,45,62,32.71,74.24
4/25/68,47,62,32.71,74.24
4/26/68,42,62,32.71,74.24
4/27/68,45,64,32.71,74.24
4/28/68,37,65,32.71,74.24
4/29/68,36,68,32.71,74.24
4/30/68,40,67,32.71,74.24
5/1/68,43,66,34.38,75.14
5/2/68,43,67,34.38,75.14
5/3/68,44,70,34.38,75.14
5/4/68,50,68,34.38,75.14
5/5/68,42,68,34.38,75.14
5/6/68,46,61,34.38,75.14
5/7/68,35,63,34.38,75.14
5/8/68,32,70,38.14,79.62
5/9/68,44,77,38.14,79.62
5/10/68,59,76,38.14,79.62
5/11/68,46,65,38.14,79.62
5/12/68,53,55,38.14,79.62
5/13/68,46,63,38.14,79.62
5/14/68,45,75,38.14,79.62
5/15/68,40,75,38.29,81.48
5/16/68,47,69,38.29,81.48
5/17/68,47,61,38.29,81.48
5/18/68,46,51,38.29,81.48
5/19/68,45,61,38.29,81.48
5/20/68,44,54,38.29,81.48
5/21/68,45,65,38.29,81.48
5/22/68,42,64,38.09,83.42
5/23/68,40,68,38.09,83.42
5/24/68,47,65,38.09,83.42
5/25/68,41,64,38.09,83.42
5/26/68,35,68,38.09,83.42
5/27/68,33,55,38.09,83.42
5/28/68,31,62,38.09,83.42
5/29/68,41,57,38.09,83.42
5/30/68,55,75,38.09,83.42
5/31/68,51,70,38.09,83.42
6/1/68,48,72,45.28,85.85
6/2/68,55,61,45.28,85.85
6/3/68,55,72,45.28,85.85
6/4/68,52,66,45.28,85.85
6/5/68,48,83,45.28,85.85
6/6/68,59,90,45.28,85.85
6/7/68,56,87,45.28,85.85
6/8/68,54,71,46.09,86.33
6/9/68,55,84,46.09,86.33
6/10/68,49,55,46.09,86.33
6/11/68,48,55,46.09,86.33
6/12/68,54,74,46.09,86.33
6/13/68,63,72,46.09,86.33
6/14/68,57,72,46.09,86.33
6/15/68,52,82,47.04,87.38
6/16/68,60,74,47.04,87.38
6/17/68,54,60,47.04,87.38
6/18/68,54,70,47.04,87.38
6/19/68,55,73,47.04,87.38
6/20/68,50,69,47.04,87.38
6/21/68,45,72,47.04,87.38
6/22/68,51,78,49.24,90.85
6/23/68,55,71,49.24,90.85
6/24/68,50,77,49.24,90.85
6/25/68,63,80,49.24,90.85
6/26/68,55,65,49.24,90.85
6/27/68,54,59,49.24,90.85
6/28/68,51,56,49.24,90.85
6/29/68,48,79,49.24,90.85
6/30/68,67,88,49.24,90.85
3/1/69,5,29,14.33,48.42
3/2/69,9,34,14.33,48.42
3/3/69,29,34,14.33,48.42
3/4/69,21,39,14.33,48.42
3/5/69,12,27,14.33,48.42
3/6/69,3,37,14.33,48.42
3/7/69,19,30,14.33,48.42
3/8/69,19,34,16.81,50.62
3/9/69,18,35,16.81,50.62
3/10/69,22,39,16.81,50.62
3/11/69,22,37,16.81,50.62
3/12/69,22,40,16.81,50.62
3/13/69,29,41,16.81,50.62
3/14/69,30,42,16.81,50.62
3/15/69,32,42,17.43,51.71
3/16/69,27,43,17.43,51.71
3/17/69,23,50,17.43,51.71
3/18/69,35,50,17.43,51.71
3/19/69,34,41,17.43,51.71
3/20/69,31,37,17.43,51.71
3/21/69,34,46,17.43,51.71
3/22/69,28,42,19.9,61.52
3/23/69,25,51,19.9,61.52
3/24/69,23,50,19.9,61.52
3/25/69,37,49,19.9,61.52
3/26/69,38,45,19.9,61.52
3/27/69,33,43,19.9,61.52
3/28/69,26,45,19.9,61.52
3/29/69,35,57,19.9,61.52
3/30/69,22,37,19.9,61.52
3/31/69,24,33,19.9,61.52
4/1/69,17,44,24.76,64.28
4/2/69,34,53,24.76,64.28
4/3/69,24,48,24.76,64.28
4/4/69,28,65,24.76,64.28
4/5/69,45,62,24.76,64.28
4/6/69,31,53,24.76,64.28
4/7/69,25,64,24.76,64.28
4/8/69,33,56,27.57,65.71
4/9/69,25,61,27.57,65.71
4/10/69,51,68,27.57,65.71
4/11/69,40,57,27.57,65.71
4/12/69,27,56,27.57,65.71
4/13/69,27,63,27.57,65.71
4/14/69,39,74,27.57,65.71
4/15/69,38,78,29.95,71.24
4/16/69,55,67,29.95,71.24
4/17/69,56,77,29.95,71.24
4/18/69, null,76,29.95,71.24
4/19/69,37, null,29.95,71.24
4/20/69,32,53,29.95,71.24
4/21/69,28,59,29.95,71.24
4/22/69,41,53,32.71,74.24
4/23/69,43,59,32.71,74.24
4/24/69,41,44,32.71,74.24
4/25/69,37,66,32.71,74.24
4/26/69,35,68,32.71,74.24
4/27/69,44,77,32.71,74.24
4/28/69,56,86,32.71,74.24
4/29/69,46,65,32.71,74.24
4/30/69,40,55,32.71,74.24
5/1/69,34,61,34.38,75.14
5/2/69,31,64,34.38,75.14
5/3/69,48,77,34.38,75.14
5/4/69,41,71,34.38,75.14
5/5/69,41,62,34.38,75.14
5/6/69,34,64,34.38,75.14
5/7/69,35,63,34.38,75.14
5/8/69,45,59,38.14,79.62
5/9/69,59,64,38.14,79.62
5/10/69,45,63,38.14,79.62
5/11/69,44,68,38.14,79.62
5/12/69,42,60,38.14,79.62
5/13/69,42,62,38.14,79.62
5/14/69,41,59,38.14,79.62
5/15/69,36,66,38.29,81.48
5/16/69,46,76,38.29,81.48
5/17/69,54,87,38.29,81.48
5/18/69,47,73,38.29,81.48
5/19/69,47,76,38.29,81.48
5/20/69,59,68,38.29,81.48
5/21/69,47,67,38.29,81.48
5/22/69,41,62,38.09,83.42
5/23/69,44,66,38.09,83.42
5/24/69,42,57,38.09,83.42
5/25/69,40,73,38.09,83.42
5/26/69,45,64,38.09,83.42
5/27/69,32,69,38.09,83.42
5/28/69,47,78,38.09,83.42
5/29/69,62,86,38.09,83.42
5/30/69,52,74,38.09,83.42
5/31/69,47,78,38.09,83.42
6/1/69,43,74,45.28,85.85
6/2/69,58,82,45.28,85.85
6/3/69,61,79,45.28,85.85
6/4/69,49,70,45.28,85.85
6/5/69,46,73,45.28,85.85
6/6/69,51,78,45.28,85.85
6/7/69,57,75,45.28,85.85
6/8/69,53,77,46.09,86.33
6/9/69,56,75,46.09,86.33
6/10/69,49,81,46.09,86.33
6/11/69,47,79,46.09,86.33
6/12/69,58,86,46.09,86.33
6/13/69,65,91,46.09,86.33
6/14/69,70,82,46.09,86.33
6/15/69,70,80,47.04,87.38
6/16/69,51,72,47.04,87.38
6/17/69,48,73,47.04,87.38
6/18/69,53,74,47.04,87.38
6/19/69,59,72,47.04,87.38
6/20/69,64,85,47.04,87.38
6/21/69,49,71,47.04,87.38
6/22/69,44,74,49.24,90.85
6/23/69,48,62,49.24,90.85
6/24/69,56,62,49.24,90.85
6/25/69,56,72,49.24,90.85
6/26/69,58,80,49.24,90.85
6/27/69,65,94,49.24,90.85
6/28/69,72,92,49.24,90.85
6/29/69,64,86,49.24,90.85
6/30/69,61,88,49.24,90.85
3/1/70,9,37,14.33,48.42
3/2/70,28,34,14.33,48.42
3/3/70,11,37,14.33,48.42
3/4/70,10,37,14.33,48.42
3/5/70,33,37,14.33,48.42
3/6/70,30,37,14.33,48.42
3/7/70,21,43,14.33,48.42
3/8/70,20,40,16.81,50.62
3/9/70,17,33,16.81,50.62
3/10/70,21,37,16.81,50.62
3/11/70,25,40,16.81,50.62
3/12/70,28,46,16.81,50.62
3/13/70,31,40,16.81,50.62
3/14/70,30,35,16.81,50.62
3/15/70,22,38,17.43,51.71
3/16/70,17,37,17.43,51.71
3/17/70,23,43,17.43,51.71
3/18/70,23,46,17.43,51.71
3/19/70,29,50,17.43,51.71
3/20/70,24,58,17.43,51.71
3/21/70,33,46,17.43,51.71
3/22/70,30,50,19.9,61.52
3/23/70,37,42,19.9,61.52
3/24/70,35,48,19.9,61.52
3/25/70,34,51,19.9,61.52
3/26/70,33,57,19.9,61.52
3/27/70,38,57,19.9,61.52
3/28/70,26,52,19.9,61.52
3/29/70,26,42,19.9,61.52
3/30/70,18,38,19.9,61.52
3/31/70,24,35,19.9,61.52
4/1/70,29,49,24.76,64.28
4/2/70,34,52,24.76,64.28
4/3/70,37,46,24.76,64.28
4/4/70,35,49,24.76,64.28
4/5/70,26,48,24.76,64.28
4/6/70,23,45,24.76,64.28
4/7/70,34,50,24.76,64.28
4/8/70,29,67,27.57,65.71
4/9/70, null,73,27.57,65.71
4/10/70,38, null,27.57,65.71
4/11/70,34,49,27.57,65.71
4/12/70,33,55,27.57,65.71
4/13/70,34,56,27.57,65.71
4/14/70,30,62,27.57,65.71
4/15/70,31,60,29.95,71.24
4/16/70,31,62,29.95,71.24
4/17/70,39,64,29.95,71.24
4/18/70,40,58,29.95,71.24
4/19/70,34,56,29.95,71.24
4/20/70,29,46,29.95,71.24
4/21/70,40,44,29.95,71.24
4/22/70,39,56,32.71,74.24
4/23/70,34,51,32.71,74.24
4/24/70,42,59,32.71,74.24
4/25/70,48,67,32.71,74.24
4/26/70,40,76,32.71,74.24
4/27/70,55,77,32.71,74.24
4/28/70,51,82,32.71,74.24
4/29/70,46,66,32.71,74.24
4/30/70,41,72,32.71,74.24
5/1/70,49,81,34.38,75.14
5/2/70,61,79,34.38,75.14
5/3/70,47,61,34.38,75.14
5/4/70,46,61,34.38,75.14
5/5/70,43,73,34.38,75.14
5/6/70,38,54,34.38,75.14
5/7/70,37,56,34.38,75.14
5/8/70,45,70,38.14,79.62
5/9/70,53,78,38.14,79.62
5/10/70,52,90,38.14,79.62
5/11/70,60,83,38.14,79.62
5/12/70,53,79,38.14,79.62
5/13/70,54,75,38.14,79.62
5/14/70,43,60,38.14,79.62
5/15/70,37,67,38.29,81.48
5/16/70,53,64,38.29,81.48
5/17/70,55,65,38.29,81.48
5/18/70,53,55,38.29,81.48
5/19/70,50,62,38.29,81.48
5/20/70,49,78,38.29,81.48
5/21/70,51,66,38.29,81.48
5/22/70,53,84,38.09,83.42
5/23/70,55,70,38.09,83.42
5/24/70,47,73,38.09,83.42
5/25/70,50,57,38.09,83.42
5/26/70,53,71,38.09,83.42
5/27/70,53,73,38.09,83.42
5/28/70,45,71,38.09,83.42
5/29/70,42,66,38.09,83.42
5/30/70,39,72,38.09,83.42
5/31/70,51,82,38.09,83.42
6/1/70,64,89,45.28,85.85
6/2/70,64,88,45.28,85.85
6/3/70,62,87,45.28,85.85
6/4/70,59,68,45.28,85.85
6/5/70,57,62,45.28,85.85
6/6/70,52,62,45.28,85.85
6/7/70,52,63,45.28,85.85
6/8/70,54,82,46.09,86.33
6/9/70,60,86,46.09,86.33
6/10/70,60,84,46.09,86.33
6/11/70,64,88,46.09,86.33
6/12/70,61,73,46.09,86.33
6/13/70,48,67,46.09,86.33
6/14/70,44,75,46.09,86.33
6/15/70,54,78,47.04,87.38
6/16/70,56,75,47.04,87.38
6/17/70,65,75,47.04,87.38
6/18/70,67,77,47.04,87.38
6/19/70,66,85,47.04,87.38
6/20/70,55,67,47.04,87.38
6/21/70,47,71,47.04,87.38
6/22/70,60,72,49.24,90.85
6/23/70,54,82,49.24,90.85
6/24/70,56,86,49.24,90.85
6/25/70,57,80,49.24,90.85
6/26/70,51,61,49.24,90.85
6/27/70,56,63,49.24,90.85
6/28/70,47,76,49.24,90.85
6/29/70,46,81,49.24,90.85
6/30/70,63,72,49.24,90.85
